T2m,WS10m
2.24,3.57
1.87,3.54
1.5,3.51
1.12,3.48
1.04,3.6
0.95,3.73
0.87,3.86
1.12,4.36
1.38,4.86
1.63,5.35
2.61,5.26
3.6,5.17
4.58,5.08
4.65,5.15
4.72,5.22
4.79,5.3
4.72,5.6
4.64,5.9
4.57,6.21
4.71,6.66
4.85,7.11
5,7.56
5.06,7.79
5.13,8.03
5.19,8.26
5.83,8.4
6.47,8.54
7.1,8.68
7.7,8.62
8.29,8.56
8.89,8.5
9.07,7.83
9.24,7.16
9.42,6.5
8.89,6.47
8.35,6.45
7.82,6.43
7.71,6.33
7.61,6.23
7.5,6.12
6.96,6.06
6.41,6
5.87,5.93
5.56,5.77
5.25,5.62
4.95,5.46
4.79,4.97
4.64,4.49
4.48,4
4.51,4.08
4.55,4.17
4.58,4.25
4.57,4.57
4.56,4.9
4.55,5.23
4.47,5.11
4.38,4.99
4.3,4.87
4.05,4.69
3.81,4.51
3.56,4.33
3.44,3.83
3.32,3.32
3.19,2.81
3.01,2.72
2.82,2.63
2.64,2.54
2.96,2.98
3.28,3.42
3.6,3.86
3.67,3.79
3.75,3.71
3.82,3.64
3.63,3.69
3.44,3.74
3.25,3.79
3.11,3.66
2.96,3.52
2.82,3.38
2.97,3.3
3.12,3.22
3.27,3.14
4.38,3.27
5.48,3.39
6.59,3.52
6.11,3.32
5.64,3.13
5.16,2.94
4.23,2.91
3.3,2.88
2.37,2.86
1.99,2.85
1.61,2.85
1.23,2.84
1.11,3.15
0.99,3.47
0.87,3.78
0.74,3.53
0.61,3.28
0.48,3.03
0.37,3.3
0.25,3.56
0.14,3.82
0.33,3.82
0.52,3.81
0.71,3.81
1.8,3.83
2.88,3.86
3.97,3.89
4.13,3.58
4.29,3.27
4.45,2.97
4.3,2.97
4.16,2.97
4.01,2.98
3.91,2.84
3.81,2.69
3.72,2.55
3.59,2.53
3.47,2.51
3.35,2.5
2.61,2.57
1.87,2.63
1.12,2.7
0.74,2.57
0.35,2.43
-0.04,2.29
-0.11,2.39
-0.19,2.49
-0.26,2.59
0.72,2.86
1.69,3.12
2.67,3.38
2.66,3.48
2.65,3.57
2.63,3.67
3.02,3.71
3.4,3.76
3.79,3.81
4.49,4.18
5.2,4.55
5.91,4.92
5.98,4.51
6.06,4.09
6.14,3.67
5.27,3.6
4.41,3.53
3.54,3.46
3.01,3.3
2.47,3.13
1.94,2.97
1.89,3.21
1.83,3.45
1.78,3.7
2.96,3.82
4.13,3.94
5.31,4.06
5.17,4.1
5.03,4.15
4.88,4.19
4.25,4.47
3.61,4.74
2.98,5.02
3.01,5.31
3.05,5.6
3.09,5.89
3.38,6.02
3.68,6.15
3.97,6.28
4.36,6.43
4.76,6.58
5.15,6.73
5.74,6.68
6.33,6.62
6.92,6.57
7.39,6.51
7.87,6.45
8.34,6.39
8.59,6.53
8.83,6.67
9.08,6.81
8.76,6.49
8.44,6.17
8.12,5.85
7.48,5.73
6.84,5.61
6.2,5.49
6.02,5.41
5.85,5.32
5.68,5.24
5.65,5.21
5.63,5.19
5.61,5.16
5.96,5.68
6.31,6.2
6.65,6.72
6.91,7.7
7.16,8.68
7.42,9.66
7.99,9.68
8.56,9.7
9.13,9.72
9.94,9.49
10.76,9.26
11.57,9.03
11.21,8.85
10.85,8.67
10.48,8.48
9.96,7.74
9.43,6.99
8.91,6.25
9.64,7.54
10.37,8.82
11.1,10.11
11.59,10.05
12.09,9.98
12.59,9.92
12.33,9.68
12.07,9.44
11.8,9.2
11.29,9.43
10.78,9.65
10.27,9.88
10.15,10.09
10.04,10.31
9.92,10.52
10.33,10.44
10.74,10.36
11.15,10.28
10.4,9.84
9.65,9.4
8.89,8.97
7.77,8.5
6.65,8.03
5.53,7.56
5.2,7.19
4.87,6.82
4.55,6.46
4.41,6.28
4.27,6.11
4.13,5.93
4.14,5.97
4.16,6
4.17,6.04
4.03,6.43
3.89,6.81
3.75,7.2
3.86,7.35
3.97,7.5
4.08,7.66
4.8,7.17
5.51,6.68
6.23,6.19
6.08,6.87
5.93,7.55
5.77,8.23
5.84,8.1
5.91,7.96
5.98,7.82
6.09,7.71
6.2,7.6
6.32,7.49
6.42,7.11
6.52,6.74
6.62,6.36
6.63,6.68
6.64,7
6.64,7.32
6.65,7.68
6.65,8.03
6.65,8.39
6.84,8.6
7.03,8.82
7.22,9.03
7.79,8.91
8.35,8.79
8.92,8.66
9.1,8.71
9.29,8.75
9.47,8.8
9.45,8.83
9.44,8.86
9.42,8.9
9.33,8.79
9.24,8.68
9.16,8.58
9.39,8.46
9.62,8.35
9.85,8.23
9.95,8.46
10.06,8.69
10.16,8.92
9.9,9.1
9.64,9.27
9.38,9.45
9.36,9.44
9.34,9.44
9.32,9.43
9.29,8.74
9.27,8.05
9.24,7.35
8.79,6.65
8.35,5.94
7.9,5.24
7.69,6.04
7.47,6.83
7.26,7.63
6.86,7.16
6.46,6.7
6.06,6.23
5.93,5.82
5.8,5.41
5.67,4.99
5.47,5.58
5.27,6.17
5.07,6.76
4.75,6.86
4.42,6.97
4.09,7.08
4.08,6.85
4.08,6.63
4.07,6.4
4.1,6.82
4.13,7.24
4.16,7.66
3.99,7.39
3.82,7.12
3.65,6.86
3.36,5.97
3.06,5.09
2.77,4.21
2.66,4.58
2.56,4.96
2.46,5.34
3.16,5.89
3.87,6.45
4.57,7.01
5.58,7.55
6.59,8.09
7.59,8.63
7.92,9.21
8.24,9.78
8.57,10.36
8.73,10.48
8.89,10.61
9.05,10.73
9.17,10.46
9.28,10.2
9.4,9.93
9.32,9.85
9.24,9.77
9.16,9.68
8.84,8.87
8.53,8.06
8.21,7.26
7.64,7.27
7.08,7.28
6.52,7.3
6.42,7.48
6.33,7.66
6.24,7.85
6.09,7.44
5.95,7.03
5.8,6.62
5.58,6.07
5.35,5.52
5.12,4.97
5.06,4.71
5,4.46
4.94,4.21
5.88,4.14
6.83,4.08
7.77,4.01
6.69,3.77
5.62,3.54
4.54,3.3
3.71,3.01
2.89,2.73
2.06,2.44
2.01,2.79
1.96,3.14
1.91,3.49
1.61,3.29
1.32,3.09
1.03,2.88
0.94,2.8
0.85,2.72
0.75,2.63
0.29,2.46
-0.17,2.29
-0.63,2.11
-0.69,2.46
-0.74,2.82
-0.8,3.17
0.68,3.18
2.15,3.19
3.63,3.2
3.36,3.35
3.1,3.5
2.83,3.66
2.31,3.81
1.78,3.97
1.26,4.12
1.42,4.5
1.59,4.88
1.76,5.26
1.78,5.1
1.81,4.94
1.83,4.79
1.83,4.68
1.83,4.57
1.83,4.47
1.77,4.58
1.7,4.69
1.64,4.8
1.69,4.77
1.75,4.74
1.8,4.7
2.13,4.34
2.46,3.98
2.79,3.61
2.88,3.63
2.97,3.64
3.05,3.66
2.89,3.03
2.74,2.4
2.58,1.77
2.44,2.15
2.3,2.54
2.17,2.92
2.05,2.5
1.94,2.07
1.82,1.64
1.35,1.68
0.88,1.72
0.4,1.77
0.29,1.45
0.18,1.13
0.07,0.81
0.08,0.61
0.1,0.4
0.11,0.19
0.89,0.32
1.67,0.45
2.45,0.58
2.63,0.91
2.81,1.23
2.98,1.56
2.55,1.5
2.12,1.45
1.69,1.39
1.51,1.54
1.34,1.69
1.17,1.83
0.96,1.71
0.75,1.59
0.54,1.46
0.07,1.19
-0.4,0.92
-0.88,0.65
-0.87,0.81
-0.87,0.97
-0.86,1.13
-0.62,1.19
-0.38,1.24
-0.14,1.3
0.96,1.32
2.06,1.35
3.16,1.38
3.03,1.27
2.9,1.16
2.76,1.05
1.41,1.2
0.06,1.36
-1.29,1.52
-1.43,1.4
-1.56,1.29
-1.69,1.17
-1.89,1.46
-2.08,1.75
-2.27,2.04
-2,2.32
-1.73,2.59
-1.46,2.87
-1.68,2.83
-1.91,2.8
-2.14,2.76
-1.92,3.02
-1.7,3.27
-1.48,3.53
-0.34,3.6
0.81,3.67
1.95,3.74
1.83,3.64
1.71,3.54
1.58,3.43
0.65,3.37
-0.28,3.31
-1.21,3.24
-1.52,3.14
-1.82,3.04
-2.12,2.94
-2.2,2.86
-2.28,2.79
-2.36,2.72
-2.47,2.82
-2.58,2.92
-2.7,3.02
-2.78,3.06
-2.86,3.1
-2.94,3.14
-2.6,3.31
-2.25,3.48
-1.91,3.64
-0.8,3.62
0.3,3.6
1.41,3.59
1.19,3.52
0.97,3.45
0.75,3.38
0.49,3.33
0.22,3.28
-0.04,3.23
-0.14,3.24
-0.24,3.25
-0.34,3.26
-0.37,2.95
-0.39,2.64
-0.41,2.33
-1.4,2.33
-2.38,2.32
-3.37,2.32
-3.66,2.24
-3.95,2.17
-4.24,2.1
-3.79,2.09
-3.33,2.09
-2.88,2.08
-1.46,1.92
-0.05,1.75
1.37,1.59
0.83,1.37
0.29,1.14
-0.25,0.92
-0.63,1.24
-1,1.56
-1.38,1.88
-1.47,2.28
-1.56,2.68
-1.64,3.08
-1.52,3.5
-1.4,3.92
-1.28,4.34
-1.13,4.63
-0.98,4.91
-0.84,5.2
-0.34,5.28
0.15,5.37
0.64,5.45
1.39,4.9
2.14,4.34
2.89,3.79
3.67,3.7
4.45,3.61
5.23,3.52
5.04,3.52
4.86,3.53
4.67,3.53
3.79,3.78
2.91,4.03
2.03,4.28
1.77,4.32
1.51,4.36
1.25,4.4
1.14,3.7
1.04,3
0.94,2.3
0.97,2.36
1,2.41
1.03,2.47
1.26,2.53
1.49,2.59
1.72,2.65
2.14,2.74
2.56,2.83
2.98,2.92
3.59,2.97
4.19,3.01
4.8,3.05
4.52,2.92
4.24,2.8
3.95,2.68
3.72,2.63
3.48,2.57
3.25,2.52
3.17,2.78
3.1,3.04
3.03,3.3
3.25,3.26
3.47,3.21
3.69,3.17
3.89,3.39
4.09,3.61
4.28,3.83
4.48,3.97
4.67,4.11
4.87,4.25
5.34,4.23
5.81,4.22
6.28,4.21
6.81,4.16
7.33,4.11
7.86,4.06
7.63,4.26
7.41,4.47
7.18,4.68
6.38,4.74
5.57,4.81
4.77,4.88
4.41,4.67
4.05,4.45
3.7,4.23
3.68,3.94
3.67,3.65
3.66,3.35
3.5,3.4
3.35,3.45
3.19,3.5
3.13,3.51
3.06,3.52
2.99,3.53
3.22,3.78
3.44,4.03
3.67,4.28
4.55,4.26
5.44,4.24
6.32,4.22
6,4.04
5.68,3.85
5.36,3.67
4.74,3.46
4.12,3.26
3.5,3.05
3.45,2.8
3.4,2.55
3.36,2.3
3.64,2.8
3.93,3.29
4.21,3.78
4.17,4.01
4.13,4.24
4.08,4.47
4.03,4.9
3.97,5.32
3.92,5.75
4.22,6.3
4.53,6.85
4.83,7.39
5.26,8
5.68,8.6
6.11,9.2
6.47,9.44
6.83,9.69
7.19,9.93
6.02,8.96
4.86,7.99
3.69,7.02
3.17,6.98
2.65,6.95
2.14,6.91
2.17,6.55
2.21,6.18
2.25,5.82
2.24,5.83
2.23,5.83
2.21,5.83
1.88,6.25
1.54,6.67
1.21,7.09
1.43,7.08
1.66,7.06
1.88,7.05
2.63,6.78
3.37,6.51
4.12,6.25
4.07,6.07
4.03,5.9
3.98,5.72
3.53,4.94
3.09,4.16
2.64,3.38
2.39,3.19
2.14,2.99
1.89,2.8
1.43,3.11
0.98,3.42
0.52,3.72
0.28,4.32
0.05,4.91
-0.19,5.5
-0.32,5.06
-0.46,4.62
-0.6,4.18
-0.43,4.09
-0.26,4
-0.09,3.9
1.17,3.97
2.43,4.03
3.69,4.1
3.62,3.63
3.55,3.17
3.47,2.7
2.77,2.9
2.08,3.1
1.38,3.3
1.38,3.49
1.38,3.68
1.39,3.88
1.66,4.16
1.93,4.44
2.2,4.72
2.1,4.3
2,3.89
1.89,3.48
1.73,3.52
1.56,3.56
1.39,3.6
1.53,3.67
1.66,3.75
1.8,3.82
2.38,3.52
2.97,3.22
3.55,2.92
3.42,2.97
3.3,3.03
3.17,3.08
2.1,2.7
1.04,2.32
-0.03,1.94
-0.6,1.9
-1.17,1.86
-1.73,1.82
-1.64,2.06
-1.54,2.31
-1.44,2.55
-0.79,2.6
-0.14,2.65
0.51,2.7
0.54,2.73
0.58,2.76
0.62,2.79
1.02,3.03
1.41,3.26
1.81,3.5
2.69,3.37
3.58,3.25
4.47,3.12
4.43,2.69
4.38,2.26
4.34,1.83
3.8,2.29
3.26,2.74
2.72,3.19
2.45,3.2
2.19,3.21
1.92,3.23
1.82,3.23
1.71,3.24
1.61,3.24
1.45,3.47
1.3,3.7
1.15,3.93
1.09,3.96
1.04,4
0.98,4.03
1.16,4.28
1.34,4.52
1.52,4.77
2.24,4.72
2.97,4.66
3.7,4.61
3.37,4.51
3.04,4.42
2.71,4.33
2.19,3.98
1.67,3.62
1.16,3.27
0.83,3.12
0.5,2.97
0.17,2.83
-0.06,2.73
-0.29,2.63
-0.52,2.52
-0.7,2.6
-0.87,2.68
-1.04,2.76
-1.4,2.77
-1.75,2.79
-2.1,2.8
-1.53,2.71
-0.96,2.62
-0.39,2.52
0.95,2.29
2.3,2.05
3.65,1.81
3.77,1.91
3.88,2.02
4,2.12
2.97,2.13
1.94,2.13
0.92,2.14
0.53,2.33
0.15,2.51
-0.23,2.7
-0.35,2.5
-0.47,2.29
-0.59,2.08
-1.3,1.88
-2.01,1.67
-2.72,1.46
-2.94,1.58
-3.15,1.7
-3.36,1.82
-2.26,1.88
-1.17,1.94
-0.07,2
1.15,1.98
2.37,1.95
3.59,1.93
3.59,2.06
3.6,2.19
3.6,2.32
2.39,2.39
1.19,2.46
-0.01,2.52
-0.67,2.39
-1.33,2.26
-1.99,2.12
-2.56,2.22
-3.12,2.31
-3.69,2.4
-3.81,2.18
-3.93,1.96
-4.04,1.74
-3.98,1.79
-3.91,1.84
-3.84,1.89
-3.01,2.45
-2.18,3
-1.34,3.56
-0.43,3.71
0.49,3.87
1.4,4.03
1.4,4.28
1.41,4.52
1.41,4.77
0.56,4.37
-0.29,3.97
-1.14,3.57
-1.39,3.99
-1.63,4.41
-1.87,4.83
-2.01,4.83
-2.14,4.84
-2.28,4.84
-2.6,4.94
-2.92,5.04
-3.23,5.14
-3.21,5.27
-3.19,5.39
-3.17,5.52
-2.64,5.88
-2.12,6.23
-1.59,6.59
-0.62,6.65
0.36,6.71
1.34,6.77
1.44,6.42
1.55,6.06
1.65,5.71
0.76,5.47
-0.13,5.22
-1.01,4.98
-1.48,4.69
-1.94,4.41
-2.4,4.12
-2.73,3.88
-3.05,3.63
-3.38,3.38
-3.33,3
-3.28,2.62
-3.22,2.23
-3.26,2.12
-3.29,2.01
-3.32,1.9
-2.36,1.64
-1.41,1.38
-0.45,1.12
1.37,1.23
3.2,1.35
5.02,1.46
4.95,1.76
4.87,2.05
4.8,2.34
4.47,2.91
4.15,3.47
3.83,4.03
3.88,4.25
3.93,4.47
3.98,4.69
4.02,4.74
4.07,4.79
4.11,4.84
3.95,5.09
3.79,5.34
3.63,5.59
3.37,5.6
3.12,5.61
2.87,5.63
3.19,5.74
3.51,5.85
3.83,5.96
4.6,6.1
5.37,6.23
6.14,6.37
5.68,5.43
5.22,4.5
4.76,3.56
3.92,3.46
3.08,3.36
2.24,3.26
1.99,3.26
1.75,3.26
1.51,3.26
1.81,3.16
2.1,3.06
2.4,2.97
2.49,3.17
2.59,3.38
2.69,3.59
3.1,3.41
3.52,3.24
3.93,3.06
4.49,3.48
5.05,3.9
5.61,4.32
6.22,4.63
6.84,4.95
7.46,5.27
7.08,5.14
6.7,5
6.32,4.87
5.95,4.69
5.59,4.5
5.23,4.32
5.04,4.07
4.85,3.83
4.66,3.59
4.51,3.4
4.35,3.22
4.2,3.03
4.29,3.03
4.38,3.03
4.48,3.03
4.48,2.79
4.49,2.54
4.49,2.29
4.83,2.5
5.17,2.7
5.51,2.91
6.12,2.83
6.73,2.75
7.34,2.68
6.92,2.14
6.49,1.61
6.07,1.08
5.65,1.12
5.23,1.17
4.81,1.21
4.59,1.38
4.38,1.54
4.17,1.71
3.99,1.86
3.8,2.01
3.62,2.17
3.57,2.04
3.53,1.92
3.49,1.79
3.21,1.89
2.94,2
2.67,2.1
3.09,2.45
3.51,2.8
3.94,3.14
4.74,3.11
5.55,3.08
6.36,3.05
6.44,2.8
6.52,2.54
6.6,2.29
5.82,2.13
5.04,1.97
4.26,1.81
3.65,2.1
3.04,2.39
2.43,2.68
1.79,2.57
1.15,2.47
0.51,2.37
0.09,2.31
-0.32,2.24
-0.73,2.18
-0.78,2.28
-0.83,2.37
-0.88,2.47
0.02,2.07
0.92,1.67
1.83,1.27
3.61,1.61
5.39,1.95
7.17,2.29
7.12,2.34
7.08,2.39
7.03,2.44
5.52,2.25
4.01,2.06
2.5,1.88
2.07,2.03
1.65,2.19
1.22,2.34
0.95,2.53
0.68,2.72
0.41,2.91
0.21,2.78
0.01,2.65
-0.19,2.52
-0.17,2.53
-0.15,2.54
-0.13,2.55
1.08,3.02
2.29,3.49
3.51,3.96
5.5,4.17
7.5,4.38
9.5,4.59
9.95,4.71
10.41,4.83
10.86,4.95
10.06,5.02
9.26,5.08
8.47,5.14
8.27,5.13
8.08,5.11
7.88,5.09
7.72,4.96
7.56,4.83
7.4,4.7
6.93,4.54
6.47,4.37
6.01,4.21
6.09,4.25
6.18,4.3
6.27,4.34
6.69,4.35
7.11,4.35
7.54,4.36
8.27,4.63
9.01,4.89
9.74,5.16
9.81,4.7
9.89,4.25
9.96,3.79
8.98,3.87
8,3.95
7.03,4.03
6.41,3.7
5.8,3.37
5.19,3.03
4.75,2.84
4.32,2.64
3.88,2.44
3.88,2.34
3.89,2.25
3.9,2.15
3.16,2.18
2.43,2.21
1.69,2.23
2.02,2.72
2.35,3.2
2.68,3.68
4.01,3.6
5.35,3.52
6.68,3.43
6.89,3.53
7.1,3.63
7.31,3.72
5.83,3.36
4.35,2.99
2.88,2.62
2.11,2.61
1.35,2.59
0.58,2.58
-0.22,2.63
-1.02,2.69
-1.82,2.74
-2.2,2.69
-2.58,2.64
-2.95,2.59
-3.09,2.42
-3.22,2.25
-3.35,2.08
-1.93,2.23
-0.52,2.37
0.9,2.51
2.91,2.8
4.92,3.09
6.93,3.38
7.5,3.36
8.07,3.33
8.64,3.31
7.48,2.81
6.32,2.32
5.16,1.82
4.57,1.8
3.99,1.77
3.4,1.75
3.43,1.83
3.47,1.92
3.5,2
2.52,2.12
1.55,2.25
0.58,2.37
0.81,2.16
1.05,1.94
1.29,1.72
2.08,1.87
2.86,2.01
3.65,2.15
4.68,2.39
5.72,2.62
6.76,2.86
7.03,2.82
7.29,2.78
7.56,2.74
6.22,2.8
4.88,2.85
3.54,2.9
2.22,2.89
0.91,2.89
-0.4,2.88
-0.73,2.64
-1.05,2.4
-1.38,2.17
-1.79,1.81
-2.2,1.45
-2.6,1.09
-2.31,1.24
-2.01,1.39
-1.71,1.54
-0.82,1.77
0.06,2
0.95,2.23
2.49,2.42
4.03,2.61
5.57,2.8
5.74,3.14
5.92,3.47
6.09,3.81
4.82,3.3
3.55,2.8
2.28,2.29
1.97,2.62
1.66,2.94
1.35,3.27
1.18,3.15
1.01,3.03
0.84,2.91
0.93,2.98
1.02,3.05
1.11,3.12
1.12,3.45
1.13,3.79
1.14,4.12
1.96,4.22
2.77,4.31
3.59,4.4
4.86,5.01
6.13,5.61
7.4,6.22
7.36,6.26
7.31,6.29
7.27,6.33
6.52,5.95
5.77,5.57
5.02,5.19
4.89,5.1
4.77,5.01
4.64,4.92
4.63,4.95
4.63,4.97
4.62,4.99
4.31,5.34
4.01,5.68
3.71,6.03
3.82,6.2
3.94,6.38
4.06,6.55
4.56,6.68
5.06,6.8
5.57,6.92
5.84,6.57
6.12,6.22
6.4,5.86
6.47,5.86
6.55,5.86
6.62,5.86
6.46,5.73
6.31,5.6
6.16,5.46
6.07,5.61
5.99,5.76
5.9,5.9
5.73,5.63
5.57,5.36
5.4,5.09
5.06,4.95
4.73,4.8
4.4,4.66
3.95,4.44
3.51,4.21
3.07,3.99
3.34,4.29
3.61,4.59
3.88,4.9
4.33,4.6
4.78,4.31
5.23,4.01
5.12,3.94
5,3.88
4.89,3.81
4.28,3.32
3.67,2.84
3.07,2.36
2.8,2.34
2.54,2.33
2.28,2.32
2.19,2.23
2.11,2.13
2.02,2.04
1.52,2
1.02,1.97
0.53,1.93
0.21,2.05
-0.1,2.16
-0.41,2.28
0.64,2.56
1.69,2.84
2.75,3.12
3.94,3.75
5.14,4.38
6.34,5.01
6.47,5.17
6.59,5.33
6.72,5.49
5.98,5.51
5.24,5.54
4.5,5.56
4.45,6.21
4.4,6.86
4.35,7.52
3.6,7.82
2.84,8.11
2.09,8.41
2.55,8.33
3.01,8.24
3.47,8.15
4.02,7.72
4.58,7.3
5.14,6.87
5.46,6.42
5.78,5.98
6.11,5.53
6.76,4.98
7.42,4.44
8.07,3.89
8.23,4.6
8.39,5.31
8.55,6.03
7.33,5.73
6.11,5.43
4.9,5.13
4.52,5.29
4.14,5.44
3.76,5.6
3.56,5.78
3.37,5.97
3.17,6.15
3.34,6.3
3.51,6.45
3.69,6.59
3.69,6.94
3.7,7.29
3.7,7.64
4.07,7.25
4.44,6.86
4.82,6.47
5.47,6.38
6.13,6.29
6.78,6.21
6.87,5.8
6.95,5.4
7.04,4.99
6.28,4.34
5.53,3.69
4.78,3.03
4.31,3.4
3.85,3.77
3.39,4.14
3.09,3.86
2.79,3.58
2.49,3.3
2.48,3.33
2.48,3.36
2.48,3.39
2.18,3.31
1.89,3.24
1.6,3.16
2.48,3.26
3.35,3.37
4.23,3.48
5.26,4.22
6.3,4.97
7.34,5.71
6.63,5.25
5.93,4.78
5.22,4.32
5.05,3.83
4.89,3.34
4.73,2.86
4.3,2.55
3.87,2.24
3.44,1.93
2.81,1.99
2.17,2.04
1.54,2.1
1.78,2.03
2.02,1.96
2.26,1.89
2.49,2.32
2.73,2.74
2.96,3.17
3.69,3.65
4.42,4.13
5.16,4.61
5.91,5.02
6.66,5.43
7.41,5.83
7.81,5.76
8.22,5.68
8.62,5.6
8.56,5.49
8.51,5.38
8.46,5.27
8.24,4.86
8.03,4.45
7.82,4.04
7.23,4.61
6.64,5.18
6.05,5.75
5.53,5.23
5.02,4.7
4.51,4.18
4.11,4.58
3.71,4.98
3.31,5.38
3.99,5.28
4.66,5.19
5.34,5.09
6.08,5.12
6.83,5.14
7.58,5.17
7.48,4.97
7.39,4.77
7.29,4.57
6.11,3.91
4.93,3.26
3.75,2.61
2.83,2.39
1.92,2.17
1.01,1.96
0.55,1.94
0.08,1.93
-0.38,1.92
-0.43,2.06
-0.48,2.19
-0.52,2.33
-0.5,2.51
-0.47,2.7
-0.45,2.88
0.73,3.35
1.9,3.81
3.08,4.28
4.45,5.29
5.83,6.3
7.21,7.31
7.87,7.08
8.53,6.84
9.19,6.61
8.73,6.4
8.27,6.2
7.81,6
7.73,6.38
7.66,6.76
7.59,7.14
7.32,7.26
7.05,7.38
6.78,7.5
6.58,7.71
6.38,7.92
6.18,8.12
6.91,7.89
7.65,7.66
8.38,7.42
8.2,7.54
8.02,7.66
7.84,7.78
7.8,7.92
7.76,8.06
7.72,8.21
8.43,7.81
9.15,7.42
9.87,7.02
8.98,6.09
8.1,5.16
7.21,4.23
7.03,4.47
6.85,4.71
6.68,4.95
6.64,5.8
6.6,6.64
6.56,7.49
5.8,6.93
5.04,6.37
4.28,5.81
3.95,5.69
3.63,5.57
3.3,5.45
4.08,5.58
4.85,5.71
5.63,5.85
5.98,6
6.33,6.14
6.68,6.29
5.84,6.13
5,5.97
4.16,5.81
3.91,6.34
3.65,6.87
3.4,7.41
3.45,6.98
3.51,6.55
3.57,6.12
3.64,5.82
3.71,5.51
3.79,5.2
3.66,5.32
3.54,5.44
3.41,5.56
3.28,5.36
3.14,5.16
3.01,4.97
3.41,5.24
3.8,5.52
4.2,5.79
4.47,6.04
4.74,6.28
5.01,6.52
5.06,6.61
5.11,6.69
5.16,6.77
4.69,5.66
4.23,4.56
3.76,3.45
3.38,3.38
3.01,3.31
2.64,3.24
2.6,3.53
2.57,3.82
2.54,4.11
2.61,4.26
2.69,4.41
2.76,4.57
2.71,4.69
2.65,4.82
2.6,4.95
3.48,5.08
4.36,5.21
5.25,5.34
5.59,5.57
5.93,5.8
6.28,6.03
6.26,6.14
6.24,6.26
6.22,6.37
5.62,6.08
5.02,5.78
4.42,5.49
4.32,5.29
4.23,5.09
4.14,4.9
4.12,4.24
4.11,3.59
4.1,2.94
3.61,2.83
3.13,2.73
2.65,2.62
2.39,2.45
2.12,2.28
1.86,2.11
3.06,2.21
4.26,2.31
5.46,2.41
6.32,2.76
7.18,3.1
8.05,3.45
8.18,3.57
8.32,3.69
8.46,3.81
7.39,3.29
6.33,2.78
5.26,2.26
4.67,2.24
4.08,2.23
3.5,2.21
3.64,2.26
3.79,2.32
3.94,2.37
4.11,2.51
4.28,2.65
4.45,2.79
4.35,2.84
4.24,2.9
4.14,2.95
4.85,3.18
5.55,3.4
6.26,3.63
7.08,3.77
7.9,3.91
8.73,4.06
8.89,3.9
9.06,3.74
9.22,3.59
7.9,3.08
6.58,2.57
5.26,2.07
4.81,2.26
4.36,2.45
3.92,2.63
4.04,2.81
4.16,2.99
4.28,3.17
4.22,3.38
4.17,3.6
4.12,3.81
4.28,3.82
4.44,3.83
4.6,3.85
5.53,4.13
6.46,4.41
7.39,4.69
8.82,4.96
10.25,5.22
11.69,5.49
12.04,5.32
12.4,5.16
12.76,4.99
11.77,4.74
10.77,4.5
9.78,4.25
9.11,4.06
8.44,3.87
7.78,3.68
7.49,3.6
7.2,3.51
6.92,3.42
6.74,3.48
6.57,3.53
6.4,3.59
6.15,3.34
5.9,3.1
5.65,2.86
6.79,3.19
7.93,3.53
9.08,3.86
10.21,4.02
11.34,4.18
12.47,4.34
12.79,4.08
13.12,3.81
13.45,3.54
11.92,3.16
10.38,2.78
8.85,2.4
8.18,2.39
7.51,2.37
6.84,2.36
7.09,2.32
7.34,2.28
7.59,2.23
7.63,2.41
7.68,2.58
7.72,2.76
7.15,2.38
6.58,2
6.01,1.61
6.82,1.87
7.63,2.12
8.44,2.37
9.19,2.24
9.94,2.11
10.7,1.97
11.22,2.22
11.75,2.47
12.27,2.72
10.9,2.46
9.52,2.2
8.15,1.94
7.86,2.01
7.58,2.07
7.3,2.14
7.53,2.34
7.77,2.55
8.01,2.76
8.06,2.84
8.12,2.92
8.17,3.01
8.13,2.97
8.1,2.92
8.06,2.88
8.44,3.02
8.82,3.15
9.21,3.28
9.69,3.05
10.17,2.82
10.66,2.59
10.56,2.91
10.46,3.22
10.36,3.53
8.92,3.53
7.49,3.53
6.05,3.53
4.97,3.2
3.89,2.87
2.81,2.54
2.08,2.63
1.36,2.71
0.64,2.8
0.25,2.68
-0.13,2.56
-0.51,2.44
-0.86,2.15
-1.22,1.86
-1.57,1.57
0.42,1.16
2.41,0.75
4.41,0.34
5.76,0.46
7.11,0.57
8.46,0.68
8.49,0.89
8.53,1.1
8.56,1.31
6.77,1.78
4.97,2.26
3.18,2.73
2.41,2.69
1.64,2.66
0.87,2.62
0.41,2.67
-0.05,2.72
-0.5,2.77
-0.61,2.7
-0.71,2.63
-0.81,2.55
-0.97,2.46
-1.13,2.37
-1.29,2.28
0.91,2.32
3.11,2.36
5.32,2.4
7.11,2.64
8.91,2.89
10.71,3.13
10.85,3.53
11,3.92
11.15,4.32
9.75,3.99
8.36,3.66
6.96,3.32
6.12,3.32
5.28,3.32
4.44,3.32
3.98,3.31
3.52,3.29
3.06,3.27
2.68,3.03
2.3,2.79
1.92,2.55
1.46,2.57
1,2.59
0.54,2.61
1.79,3.15
3.04,3.7
4.29,4.25
5.49,4.28
6.69,4.3
7.89,4.33
8.01,4.58
8.14,4.84
8.27,5.09
7.02,4.92
5.76,4.75
4.51,4.58
3.69,4.17
2.87,3.76
2.05,3.35
1.8,3.6
1.55,3.86
1.3,4.11
1.07,3.82
0.85,3.53
0.63,3.24
0.48,3.15
0.33,3.07
0.18,2.98
1.37,3.32
2.56,3.66
3.76,4
4.85,3.94
5.94,3.87
7.03,3.81
6.6,4.06
6.18,4.3
5.76,4.55
5.34,4.36
4.93,4.17
4.51,3.97
4.32,3.94
4.13,3.92
3.95,3.89
4.06,3.79
4.17,3.7
4.28,3.6
3.55,3.61
2.83,3.62
2.1,3.63
2.25,3.82
2.4,4
2.55,4.19
3.32,4.77
4.08,5.34
4.85,5.92
5.7,5.72
6.56,5.53
7.42,5.34
7.61,5.3
7.81,5.26
8.01,5.21
7.49,4.91
6.97,4.61
6.45,4.3
6.01,4.16
5.57,4.02
5.13,3.88
4.77,3.68
4.41,3.49
4.05,3.3
3.84,2.99
3.63,2.68
3.42,2.37
3.16,2.36
2.89,2.34
2.63,2.33
3.99,2.51
5.35,2.7
6.71,2.88
8.1,2.78
9.5,2.67
10.9,2.57
11.18,2.8
11.46,3.03
11.74,3.27
10.31,2.96
8.88,2.64
7.45,2.33
6.1,2.39
4.75,2.45
3.4,2.51
2.9,2.69
2.41,2.88
1.92,3.06
1.62,2.47
1.33,1.88
1.04,1.28
0.32,1.66
-0.41,2.05
-1.13,2.43
2.07,2.11
5.27,1.78
8.48,1.46
10.42,1.77
12.36,2.09
14.3,2.4
14.68,2.46
15.07,2.52
15.46,2.58
13.43,2.8
11.4,3.01
9.37,3.23
8.29,3.17
7.21,3.11
6.13,3.05
5.61,2.86
5.09,2.67
4.57,2.48
4.12,2.63
3.68,2.78
3.23,2.92
3.22,2.86
3.21,2.79
3.2,2.72
5.18,2.53
7.16,2.34
9.15,2.15
10.52,2.62
11.89,3.08
13.27,3.54
12.78,4.07
12.3,4.59
11.81,5.12
10.28,4.49
8.76,3.86
7.23,3.23
6.67,3.4
6.12,3.57
5.57,3.74
5.53,3.34
5.5,2.95
5.47,2.55
5.31,2.56
5.16,2.57
5.01,2.58
4.95,2.51
4.89,2.44
4.83,2.37
5.56,2.19
6.29,2.01
7.02,1.83
8,1.41
8.99,0.98
9.98,0.55
10.48,1.03
10.99,1.52
11.5,2
10.08,1.81
8.65,1.62
7.23,1.43
6.33,1.59
5.43,1.75
4.53,1.9
4.26,1.52
3.99,1.14
3.72,0.76
3.45,1.16
3.19,1.56
2.92,1.96
2.79,1.77
2.65,1.58
2.52,1.39
3.81,1.27
5.1,1.15
6.4,1.03
7.56,1.17
8.73,1.3
9.9,1.43
9.63,1.17
9.37,0.91
9.11,0.65
7.72,0.81
6.34,0.98
4.95,1.14
4.27,1.5
3.59,1.85
2.91,2.21
3.01,2.09
3.11,1.97
3.22,1.85
3.35,2.4
3.49,2.96
3.63,3.52
4.04,3.71
4.44,3.91
4.85,4.11
5.35,4.68
5.85,5.24
6.36,5.81
6.75,5.38
7.14,4.96
7.53,4.54
7.72,4.92
7.92,5.31
8.11,5.7
7.52,5.54
6.94,5.37
6.35,5.21
6.09,5.35
5.83,5.49
5.57,5.63
5.62,5.3
5.67,4.97
5.72,4.65
5.19,4.8
4.66,4.95
4.13,5.1
3.78,5.25
3.42,5.39
3.07,5.53
3.36,5.33
3.65,5.14
3.95,4.94
4.83,4.39
5.71,3.83
6.59,3.28
7.05,3.19
7.52,3.1
7.99,3.01
6.55,2.88
5.12,2.75
3.68,2.62
2.65,2.66
1.62,2.69
0.59,2.73
0.24,2.73
-0.1,2.73
-0.44,2.73
-0.87,2.53
-1.29,2.33
-1.71,2.12
-1.72,1.96
-1.72,1.8
-1.73,1.64
0.95,1.7
3.63,1.76
6.31,1.82
7.56,2
8.81,2.17
10.07,2.34
9.88,2.57
9.69,2.79
9.5,3.01
8.49,2.57
7.49,2.12
6.48,1.68
5.86,1.74
5.25,1.79
4.64,1.85
4.43,1.42
4.22,0.98
4.01,0.55
2.6,1.35
1.19,2.14
-0.22,2.94
0.05,2.84
0.32,2.74
0.59,2.63
2.6,2.46
4.61,2.29
6.63,2.11
7.67,2.02
8.72,1.94
9.77,1.85
9.88,1.53
10,1.2
10.11,0.88
8.99,0.91
7.87,0.93
6.75,0.95
5.96,1.17
5.17,1.39
4.38,1.61
4.58,1.68
4.78,1.74
4.98,1.81
5.03,2.52
5.08,3.24
5.13,3.96
5.14,3.63
5.16,3.31
5.17,2.98
5.35,2.94
5.53,2.91
5.72,2.87
6.05,2.76
6.38,2.66
6.71,2.55
6.55,2.35
6.4,2.15
6.25,1.94
5.87,2.39
5.49,2.83
5.11,3.27
4.84,3.06
4.57,2.85
4.3,2.63
4.23,2.63
4.16,2.63
4.09,2.62
3.63,2.62
3.17,2.62
2.71,2.62
2.65,2.47
2.58,2.33
2.52,2.18
2.9,2.81
3.28,3.45
3.67,4.08
4.35,4.54
5.04,5
5.73,5.46
5.56,5.5
5.4,5.54
5.24,5.59
5.38,5.36
5.52,5.13
5.66,4.9
5.9,4.74
6.14,4.57
6.38,4.41
6.26,4.26
6.15,4.11
6.04,3.96
5.62,4.25
5.21,4.55
4.8,4.84
4.89,5.06
4.98,5.27
5.07,5.49
5.68,6.3
6.29,7.12
6.9,7.93
7.33,7.94
7.77,7.94
8.21,7.94
8.39,7.52
8.58,7.09
8.76,6.66
7.88,5.68
7.01,4.69
6.13,3.71
4.88,3.16
3.63,2.62
2.39,2.07
1.94,2.26
1.49,2.45
1.04,2.63
1.18,2.44
1.33,2.25
1.47,2.06
1.79,2.16
2.11,2.26
2.43,2.36
4.07,2.93
5.7,3.51
7.34,4.08
7.44,4.58
7.54,5.09
7.64,5.59
8.76,5.68
9.89,5.77
11.02,5.86
10.94,6.18
10.87,6.5
10.79,6.81
10.51,6.77
10.23,6.72
9.96,6.68
10.05,7.1
10.15,7.52
10.25,7.94
9.92,7.91
9.6,7.87
9.28,7.83
8.91,7.6
8.54,7.37
8.17,7.13
8.23,7.46
8.29,7.78
8.35,8.11
8.44,7.99
8.53,7.86
8.62,7.74
8.93,8.57
9.25,9.41
9.57,10.25
9.32,10.79
9.07,11.33
8.82,11.88
8.04,10.36
7.27,8.84
6.5,7.32
6.49,6.87
6.48,6.41
6.48,5.96
6.06,6.3
5.65,6.65
5.23,6.99
5.02,7.12
4.8,7.25
4.59,7.38
5.03,7.76
5.47,8.13
5.91,8.51
6.52,8.95
7.13,9.39
7.75,9.83
7.89,9.27
8.03,8.71
8.17,8.15
7.45,6.69
6.74,5.23
6.02,3.77
6.05,4.23
6.09,4.69
6.13,5.16
6.45,5.48
6.78,5.8
7.11,6.12
8.17,7.67
9.24,9.21
10.3,10.76
9.76,10.87
9.21,10.98
8.67,11.09
8.41,12.16
8.14,13.22
7.88,14.29
8.16,13.59
8.44,12.89
8.72,12.19
8.75,11.5
8.78,10.8
8.81,10.11
8.12,9.63
7.43,9.14
6.74,8.66
6.3,8.42
5.86,8.17
5.42,7.93
5.02,7.67
4.62,7.41
4.22,7.14
3.93,7.33
3.65,7.52
3.36,7.71
3.56,7.2
3.76,6.68
3.96,6.17
4.52,6.6
5.08,7.04
5.63,7.48
6.11,7.66
6.59,7.85
7.07,8.04
7.12,8.34
7.17,8.64
7.22,8.94
6.59,8.05
5.96,7.15
5.33,6.26
5.1,6.46
4.88,6.65
4.65,6.84
4.88,6.7
5.1,6.56
5.32,6.41
5.39,5.99
5.46,5.57
5.53,5.14
5.44,5.42
5.36,5.69
5.27,5.96
5.24,6.77
5.21,7.58
5.17,8.39
5.88,8.27
6.59,8.16
7.29,8.04
7.31,7.75
7.33,7.45
7.34,7.16
6.67,6.22
5.99,5.28
5.32,4.34
4.58,3.99
3.85,3.63
3.11,3.27
2.91,3.12
2.71,2.97
2.51,2.81
1.99,2.63
1.46,2.45
0.94,2.26
1.15,2.02
1.35,1.78
1.56,1.54
3.01,1.58
4.47,1.62
5.92,1.66
6.33,1.77
6.73,1.88
7.13,1.99
7.59,1.84
8.04,1.7
8.49,1.56
7.85,1.32
7.2,1.08
6.55,0.84
5.97,1.21
5.39,1.59
4.81,1.96
4.23,2.13
3.65,2.31
3.06,2.48
3.64,2.76
4.22,3.03
4.8,3.31
4.5,3.56
4.21,3.81
3.91,4.06
4.06,3.71
4.21,3.37
4.36,3.02
5.35,3.68
6.34,4.34
7.32,5.01
7.51,4.98
7.7,4.95
7.88,4.92
7.15,4.48
6.41,4.04
5.67,3.6
4.69,3.36
3.72,3.12
2.74,2.88
2.22,2.6
1.7,2.31
1.18,2.03
0.81,2.15
0.43,2.28
0.06,2.4
0.04,2.11
0.01,1.83
-0.01,1.54
2.31,1.52
4.63,1.49
6.94,1.46
7.82,1.72
8.69,1.99
9.56,2.25
9.59,2.4
9.62,2.54
9.65,2.69
8.54,2.61
7.42,2.53
6.3,2.46
4.87,2.37
3.45,2.28
2.03,2.19
1.62,2.17
1.21,2.16
0.79,2.14
0.98,2.12
1.16,2.11
1.34,2.1
1.84,2.31
2.33,2.52
2.83,2.73
4.34,2.73
5.85,2.73
7.36,2.73
8.02,2.29
8.68,1.85
9.33,1.41
9.95,1.43
10.57,1.46
11.19,1.49
10.51,1.51
9.82,1.54
9.13,1.56
7.24,1.95
5.36,2.35
3.48,2.74
3.5,2.7
3.52,2.66
3.54,2.62
2.18,2.73
0.81,2.83
-0.56,2.94
-0.2,2.58
0.16,2.23
0.52,1.88
3.36,2.06
6.2,2.24
9.03,2.43
9.97,2.76
10.91,3.1
11.84,3.43
11.98,3.6
12.12,3.77
12.25,3.94
11.13,3.42
10,2.9
8.88,2.37
7.55,2.2
6.22,2.03
4.89,1.86
4.66,1.75
4.43,1.64
4.2,1.53
3.83,1.51
3.46,1.49
3.09,1.46
3.21,1.15
3.34,0.85
3.46,0.54
5.15,0.64
6.84,0.74
8.52,0.84
9.54,0.97
10.56,1.11
11.58,1.24
11.94,1.3
12.3,1.35
12.65,1.41
11.66,1.5
10.66,1.6
9.67,1.7
8.38,1.78
7.09,1.87
5.8,1.96
5.55,2.06
5.3,2.17
5.04,2.28
4.94,2.2
4.83,2.13
4.73,2.06
4.77,1.92
4.81,1.79
4.85,1.66
7.07,1.6
9.29,1.54
11.5,1.48
12.85,1.26
14.2,1.03
15.54,0.81
15.84,1.03
16.13,1.26
16.42,1.48
14.87,1.44
13.31,1.41
11.75,1.38
9.99,1.76
8.24,2.14
6.48,2.52
6.58,2.06
6.68,1.59
6.77,1.12
6.2,1.61
5.62,2.1
5.05,2.59
4.9,2.23
4.76,1.86
4.61,1.49
7.34,1.17
10.08,0.86
12.81,0.54
14.54,0.93
16.27,1.33
17.99,1.72
18.46,1.71
18.93,1.7
19.39,1.68
17.79,1.83
16.18,1.99
14.58,2.14
13.35,2.42
12.13,2.71
10.9,2.99
10.94,3.28
10.98,3.57
11.01,3.86
10.93,3.96
10.84,4.06
10.75,4.17
10.87,4.22
10.99,4.28
11.11,4.33
11.68,5.53
12.25,6.73
12.81,7.93
12.6,7.45
12.39,6.97
12.17,6.48
12.38,6.69
12.58,6.91
12.78,7.12
11.47,5.82
10.16,4.52
8.85,3.23
7.53,2.84
6.21,2.45
4.89,2.06
4.49,2.37
4.08,2.68
3.67,2.99
3.95,3
4.23,3.01
4.51,3.02
4.79,3.21
5.07,3.41
5.35,3.6
7.12,3.5
8.89,3.4
10.65,3.3
11.66,3.97
12.67,4.64
13.68,5.31
14.01,5.49
14.34,5.67
14.66,5.85
14.06,5.73
13.46,5.62
12.86,5.5
12.21,5.89
11.57,6.28
10.92,6.66
10.55,6.51
10.17,6.35
9.79,6.19
8.98,5.34
8.16,4.48
7.34,3.63
6.98,3.14
6.61,2.66
6.25,2.18
7.48,2.3
8.71,2.42
9.94,2.54
10.7,2.78
11.46,3.02
12.22,3.26
12.18,3.4
12.14,3.55
12.09,3.7
11.04,3.04
9.98,2.39
8.93,1.74
8.36,1.61
7.8,1.48
7.24,1.35
6.22,1.63
5.19,1.9
4.16,2.18
4.93,2.2
5.69,2.23
6.45,2.25
7.04,2.61
7.63,2.97
8.22,3.34
10.31,3.63
12.4,3.92
14.49,4.21
15.51,4.71
16.53,5.21
17.54,5.71
17.81,5.86
18.07,6.01
18.33,6.17
17.18,5.29
16.03,4.42
14.88,3.54
13.54,3.24
12.2,2.94
10.86,2.63
10.73,2.64
10.59,2.64
10.45,2.65
10.14,2.64
9.83,2.63
9.52,2.62
9.7,2.8
9.87,2.97
10.05,3.14
12.33,3.3
14.61,3.46
16.88,3.61
18.07,4.11
19.25,4.6
20.43,5.09
20.56,4.85
20.69,4.61
20.82,4.37
19.1,3.81
17.38,3.24
15.66,2.68
13.88,2.68
12.1,2.69
10.32,2.69
9.55,2.48
8.77,2.28
7.99,2.07
7.46,2.1
6.92,2.12
6.39,2.15
6.64,2.43
6.9,2.7
7.15,2.98
8.62,2.96
10.09,2.94
11.55,2.92
12.71,3.04
13.86,3.16
15.01,3.28
15.06,3.6
15.1,3.91
15.14,4.22
14.06,3.74
12.97,3.26
11.89,2.79
10.74,3.24
9.59,3.69
8.44,4.14
8,3.93
7.56,3.71
7.12,3.5
6.59,3.41
6.05,3.32
5.52,3.23
5.72,3.3
5.93,3.37
6.13,3.43
7.44,3.69
8.75,3.95
10.06,4.21
10.95,4.31
11.84,4.41
12.73,4.51
12.69,4.58
12.64,4.65
12.59,4.72
11.53,4.57
10.47,4.41
9.41,4.26
8.33,3.98
7.26,3.69
6.18,3.41
5.82,3.12
5.46,2.83
5.1,2.54
4.54,2.38
3.97,2.23
3.4,2.07
3.84,2.35
4.28,2.63
4.72,2.91
6.79,2.99
8.86,3.08
10.92,3.16
11.84,3.49
12.75,3.81
13.66,4.14
13.68,3.94
13.7,3.75
13.71,3.56
12.75,3.04
11.79,2.52
10.83,2
9.42,2.43
8.02,2.86
6.61,3.28
5.95,2.94
5.29,2.59
4.62,2.25
4.07,2.33
3.51,2.4
2.95,2.48
3.41,2.2
3.86,1.92
4.32,1.64
5.88,1.55
7.44,1.46
9,1.37
9.97,1.27
10.93,1.18
11.89,1.09
12.36,1.25
12.83,1.4
13.29,1.56
12.61,1.65
11.93,1.73
11.25,1.82
9.85,2.01
8.46,2.21
7.06,2.4
6.71,2.44
6.35,2.48
5.99,2.52
5.41,2.51
4.82,2.51
4.24,2.5
4.65,2.54
5.06,2.58
5.47,2.62
7.91,2.67
10.35,2.72
12.78,2.77
13.97,2.98
15.16,3.19
16.34,3.39
16.42,3.6
16.49,3.8
16.56,4
15.47,3.44
14.37,2.89
13.28,2.33
11.71,2.36
10.14,2.4
8.57,2.43
7.75,2.36
6.92,2.29
6.09,2.22
5.6,2.27
5.11,2.31
4.62,2.36
5.11,2.38
5.6,2.4
6.09,2.43
8.44,2.11
10.8,1.8
13.15,1.49
14.46,1.86
15.77,2.23
17.07,2.59
16.8,3.26
16.53,3.94
16.25,4.61
14.8,4.39
13.34,4.17
11.89,3.96
10.38,3.75
8.88,3.54
7.37,3.32
6.77,3
6.17,2.67
5.57,2.34
5.23,2.44
4.88,2.54
4.53,2.63
5.14,2.71
5.76,2.79
6.37,2.87
7.78,3.41
9.19,3.95
10.59,4.5
11.7,4.25
12.81,4.01
13.92,3.77
13.82,3.9
13.72,4.04
13.62,4.18
12.88,3.63
12.13,3.09
11.39,2.54
10.17,2.39
8.95,2.23
7.73,2.08
7.29,1.99
6.85,1.9
6.41,1.81
5.61,1.92
4.81,2.03
4.01,2.14
4.5,2.18
5,2.22
5.49,2.26
7.11,1.58
8.73,0.89
10.35,0.21
11.61,0.63
12.87,1.05
14.13,1.48
14.28,1.42
14.42,1.37
14.56,1.31
13.91,1.19
13.26,1.07
12.61,0.95
10.54,0.85
8.47,0.74
6.4,0.63
6.29,1.13
6.18,1.62
6.06,2.11
5.53,2.41
4.99,2.71
4.45,3.01
4.93,2.78
5.41,2.56
5.89,2.33
8.68,2.49
11.47,2.64
14.25,2.8
15.53,3.26
16.81,3.73
18.08,4.19
18.62,4.19
19.16,4.18
19.7,4.18
18.57,3.46
17.44,2.74
16.31,2.01
14.92,1.87
13.53,1.73
12.14,1.59
11.97,1.74
11.8,1.89
11.63,2.04
11.44,2.11
11.25,2.18
11.06,2.25
11.02,2.47
10.98,2.69
10.94,2.91
11.06,3.2
11.18,3.5
11.3,3.79
11.68,3.78
12.06,3.77
12.43,3.75
13.07,3.86
13.7,3.96
14.33,4.07
13.83,3.72
13.32,3.37
12.81,3.02
12.15,2.65
11.5,2.29
10.84,1.92
10.76,2.14
10.67,2.37
10.58,2.59
10.54,2.65
10.49,2.7
10.44,2.76
10.76,3.04
11.09,3.32
11.41,3.6
11.81,3.71
12.21,3.81
12.6,3.92
12.76,3.46
12.92,3
13.08,2.54
13,2.49
12.92,2.44
12.83,2.39
12.17,2.55
11.5,2.72
10.83,2.88
10.05,3.02
9.28,3.16
8.51,3.3
8.31,3.57
8.11,3.84
7.91,4.11
7.36,4.12
6.8,4.13
6.24,4.14
6.34,4.17
6.45,4.21
6.55,4.25
7.82,4.74
9.1,5.24
10.37,5.74
11.1,5.37
11.83,4.99
12.55,4.62
12.42,4.57
12.29,4.52
12.16,4.47
11.23,4.37
10.3,4.27
9.37,4.17
8,3.76
6.63,3.35
5.26,2.94
4.68,2.77
4.09,2.61
3.5,2.44
2.55,2
1.59,1.56
0.63,1.12
1.79,1.54
2.96,1.97
4.12,2.4
5.82,3.15
7.52,3.9
9.22,4.65
9.56,5.26
9.89,5.87
10.22,6.48
10.49,6.46
10.76,6.44
11.02,6.41
10.41,5.43
9.8,4.46
9.19,3.48
7.68,3.34
6.18,3.2
4.68,3.06
4.64,2.81
4.59,2.56
4.54,2.3
4.17,2.33
3.8,2.35
3.43,2.37
4.15,2.69
4.87,3
5.59,3.31
7.48,3.43
9.38,3.55
11.27,3.67
11.78,4.52
12.29,5.37
12.8,6.22
13.12,5.96
13.44,5.7
13.76,5.43
12.97,5
12.17,4.57
11.37,4.14
10.45,3.93
9.54,3.71
8.63,3.5
8.26,3.65
7.89,3.79
7.52,3.93
7.17,3.76
6.81,3.59
6.46,3.42
6.88,3.6
7.29,3.77
7.71,3.94
8.74,4.07
9.78,4.19
10.81,4.32
11.19,4.67
11.57,5.02
11.95,5.37
12.01,5.26
12.06,5.15
12.11,5.05
11.67,4.16
11.23,3.27
10.79,2.39
9.45,2.45
8.11,2.51
6.77,2.58
6.19,2.47
5.61,2.37
5.03,2.26
4.59,2.29
4.14,2.33
3.69,2.36
4.35,2.1
5.01,1.84
5.66,1.59
7.11,1.56
8.55,1.54
10,1.52
10.67,1.47
11.34,1.43
12,1.38
12.22,1.6
12.44,1.81
12.66,2.03
11.99,2.48
11.33,2.93
10.66,3.38
9.91,3.11
9.16,2.84
8.4,2.57
7.9,2.46
7.39,2.34
6.89,2.23
5.94,2.27
4.98,2.31
4.03,2.34
4.63,2.22
5.23,2.1
5.82,1.97
7.68,1.54
9.53,1.1
11.38,0.66
12.13,0.69
12.89,0.73
13.64,0.76
14.04,0.7
14.45,0.64
14.85,0.58
14.38,0.86
13.92,1.14
13.45,1.42
12.57,2.21
11.69,3
10.81,3.79
10.81,3.64
10.8,3.48
10.79,3.32
10.1,3.09
9.42,2.86
8.73,2.62
9.49,2.96
10.26,3.3
11.02,3.64
12.2,3.76
13.37,3.87
14.55,3.99
14.52,4.74
14.5,5.49
14.47,6.23
14.5,5.96
14.52,5.68
14.55,5.41
14.62,5.39
14.7,5.38
14.78,5.37
14.18,5.16
13.58,4.96
12.98,4.76
12.55,4.51
12.11,4.27
11.67,4.03
11.71,3.89
11.75,3.75
11.79,3.61
12.07,3.79
12.36,3.97
12.64,4.15
13.19,4.61
13.73,5.06
14.28,5.52
14.95,5.38
15.62,5.25
16.28,5.12
17.13,4.54
17.98,3.97
18.83,3.39
18.41,2.86
17.99,2.34
17.57,1.81
16.81,2.39
16.06,2.97
15.3,3.56
15.16,4.48
15.02,5.41
14.88,6.33
15.84,6.14
16.81,5.94
17.77,5.75
17.85,5.66
17.93,5.58
18,5.49
18.71,6.24
19.41,7
20.11,7.75
19.29,8.4
18.48,9.04
17.66,9.68
17.33,9.77
16.99,9.85
16.66,9.93
15.98,8.1
15.31,6.26
14.64,4.43
13.96,4.17
13.29,3.91
12.61,3.66
12.47,3.86
12.32,4.06
12.18,4.26
11.94,4.2
11.69,4.13
11.45,4.07
11.58,4.49
11.71,4.91
11.84,5.34
12.55,6.21
13.25,7.09
13.96,7.96
13.91,7.94
13.86,7.92
13.81,7.9
13.7,7.71
13.6,7.51
13.49,7.31
13.33,7.19
13.18,7.07
13.03,6.95
12.52,7.05
12.01,7.15
11.5,7.26
11.25,7.12
11,6.99
10.75,6.86
10.57,6.68
10.4,6.5
10.22,6.32
10.29,6.06
10.36,5.8
10.43,5.54
11.03,5.47
11.62,5.39
12.21,5.31
12.67,4.85
13.13,4.38
13.59,3.92
13.76,4.29
13.94,4.65
14.11,5.02
13.72,3.76
13.34,2.49
12.95,1.23
12.05,1.09
11.15,0.94
10.25,0.8
9.91,1.09
9.57,1.37
9.23,1.66
9.4,1.66
9.57,1.66
9.74,1.66
10.13,1.68
10.53,1.7
10.92,1.72
12.64,1.73
14.35,1.73
16.06,1.74
16.63,1.25
17.21,0.75
17.78,0.26
18.11,0.59
18.43,0.92
18.76,1.26
18.07,1.25
17.38,1.25
16.69,1.24
15.51,1.54
14.33,1.85
13.14,2.15
13.02,2.53
12.9,2.91
12.78,3.28
13.09,3.83
13.41,4.37
13.72,4.91
13.55,5.29
13.39,5.66
13.22,6.04
13.4,6.59
13.57,7.14
13.74,7.68
14.05,7.48
14.36,7.27
14.67,7.06
14.86,7.46
15.04,7.85
15.23,8.25
14.32,7.58
13.42,6.91
12.52,6.23
12,5.73
11.48,5.22
10.95,4.72
10.74,4.15
10.52,3.59
10.3,3.02
9.83,2.75
9.37,2.48
8.9,2.21
9.41,1.97
9.92,1.73
10.43,1.49
11.95,1.4
13.46,1.31
14.98,1.21
15.85,1.32
16.72,1.43
17.59,1.54
18.06,1.77
18.54,2
19.01,2.22
18.6,2
18.19,1.78
17.78,1.56
16.27,1.83
14.76,2.1
13.25,2.37
13.22,2.4
13.18,2.44
13.15,2.47
13,2.48
12.86,2.5
12.71,2.51
13.41,2.84
14.12,3.17
14.82,3.5
16.87,3.57
18.91,3.64
20.96,3.71
21.96,4.11
22.96,4.51
23.96,4.91
24.04,4.75
24.13,4.59
24.21,4.43
23.06,3.53
21.91,2.63
20.76,1.72
19.16,1.87
17.56,2.01
15.96,2.15
15.65,2.16
15.33,2.17
15.01,2.18
14.48,1.95
13.96,1.72
13.43,1.49
13.66,1.66
13.89,1.82
14.12,1.99
15.25,2.58
16.38,3.18
17.51,3.78
17.64,4.43
17.77,5.09
17.9,5.74
17.51,6.11
17.11,6.48
16.72,6.86
15.99,6.26
15.27,5.66
14.55,5.06
13.54,4.4
12.54,3.74
11.53,3.08
11.27,3.24
11,3.4
10.73,3.56
10.33,3.39
9.93,3.23
9.53,3.06
10.13,3.1
10.73,3.14
11.33,3.17
12.79,2.97
14.24,2.76
15.7,2.55
16.23,2.58
16.76,2.61
17.28,2.63
17.32,2.78
17.35,2.92
17.39,3.06
16.31,3.77
15.23,4.49
14.15,5.2
12.75,4.47
11.35,3.75
9.94,3.02
9.34,2.65
8.74,2.28
8.14,1.9
7.65,2.02
7.17,2.14
6.68,2.26
7.38,1.92
8.08,1.58
8.77,1.24
10.04,1.59
11.3,1.94
12.57,2.29
13.47,2.46
14.37,2.63
15.27,2.8
15.8,3.02
16.32,3.24
16.85,3.46
16.23,3.3
15.62,3.13
15.01,2.97
14.16,3.37
13.31,3.78
12.45,4.19
12.08,4.26
11.71,4.32
11.34,4.39
10.06,4.5
8.77,4.62
7.49,4.73
7.85,4.67
8.21,4.6
8.57,4.54
10.18,4.41
11.78,4.29
13.38,4.17
14.14,3.7
14.9,3.24
15.66,2.77
15.3,2.96
14.95,3.15
14.59,3.34
13.62,3.41
12.66,3.48
11.69,3.54
10.08,2.9
8.48,2.25
6.87,1.6
6.55,1.65
6.22,1.7
5.9,1.75
6.45,2.1
6.99,2.45
7.54,2.8
8.43,3.27
9.32,3.75
10.21,4.22
10.88,4.58
11.55,4.94
12.22,5.3
12.21,5.29
12.2,5.29
12.18,5.28
12.58,5.23
12.97,5.18
13.37,5.13
12.99,4.9
12.62,4.66
12.24,4.43
10.68,3.49
9.12,2.54
7.55,1.6
7.08,1.79
6.6,1.99
6.13,2.18
6.18,2.21
6.23,2.24
6.28,2.28
7.46,2.45
8.64,2.62
9.82,2.79
11.42,3.26
13.01,3.73
14.6,4.21
14.99,4.47
15.38,4.73
15.76,4.99
15.91,5.14
16.07,5.3
16.22,5.45
15.48,4.88
14.74,4.32
14,3.75
12.98,3.26
11.96,2.76
10.94,2.26
9.92,2.11
8.89,1.95
7.86,1.79
8.09,2.11
8.32,2.44
8.55,2.76
9.23,3.16
9.91,3.57
10.59,3.97
11.91,4.3
13.22,4.63
14.53,4.95
15.26,5.69
15.99,6.42
16.72,7.16
16.51,6.88
16.3,6.61
16.09,6.33
15.08,6.35
14.07,6.38
13.06,6.4
12.46,5.91
11.86,5.42
11.26,4.92
10.93,5.15
10.59,5.37
10.25,5.6
9.66,5.59
9.07,5.57
8.48,5.56
8.85,5.92
9.23,6.29
9.6,6.65
10.41,6.98
11.21,7.31
12.02,7.64
12.51,7.7
13.01,7.75
13.5,7.81
13.39,7
13.27,6.19
13.16,5.38
12.56,5.16
11.97,4.95
11.37,4.73
10.46,4.38
9.56,4.02
8.65,3.67
8.3,3.93
7.95,4.18
7.6,4.44
7.48,4.13
7.36,3.83
7.24,3.52
7.77,3.72
8.3,3.93
8.83,4.14
9.41,4.29
9.98,4.43
10.56,4.58
11.19,4.71
11.82,4.84
12.45,4.97
12.73,4.92
13.02,4.88
13.3,4.84
12.88,4.46
12.46,4.07
12.04,3.68
10.69,3.12
9.34,2.55
7.99,1.99
7.57,1.94
7.14,1.89
6.72,1.85
6.79,1.82
6.85,1.79
6.92,1.77
8.02,1.86
9.12,1.96
10.22,2.06
11.55,2.17
12.87,2.28
14.2,2.39
14.69,3.13
15.19,3.87
15.68,4.61
15.73,4.4
15.78,4.2
15.83,4
15.38,3.81
14.93,3.61
14.48,3.42
12.83,3.11
11.18,2.8
9.52,2.48
8.91,2.36
8.29,2.24
7.68,2.12
7.97,2.11
8.25,2.09
8.54,2.07
9.59,2.29
10.64,2.52
11.68,2.74
13.47,2.86
15.25,2.98
17.03,3.1
17.59,3.04
18.15,2.98
18.7,2.92
18.61,2.96
18.52,2.99
18.43,3.02
17.94,2.97
17.45,2.92
16.96,2.87
15.5,2.45
14.04,2.03
12.58,1.61
12.02,1.57
11.45,1.53
10.88,1.49
10.57,1.47
10.26,1.45
9.95,1.43
10.8,1.53
11.65,1.63
12.5,1.72
13.45,1.82
14.39,1.92
15.33,2.01
15.73,2.86
16.13,3.71
16.52,4.55
16.45,4.43
16.38,4.3
16.31,4.18
15.6,3.83
14.89,3.49
14.18,3.14
12.82,3.23
11.47,3.31
10.11,3.39
9.27,3.18
8.42,2.96
7.57,2.74
7.32,2.41
7.08,2.07
6.83,1.74
7.84,1.64
8.85,1.54
9.86,1.43
11.56,1.25
13.26,1.07
14.96,0.88
15.8,0.86
16.65,0.83
17.49,0.8
18,1.17
18.5,1.54
19.01,1.92
18.35,2.1
17.7,2.28
17.04,2.46
15.68,2.29
14.32,2.13
12.95,1.97
12.76,1.64
12.56,1.3
12.36,0.97
12.15,1.36
11.93,1.75
11.72,2.14
11.78,2.13
11.84,2.12
11.9,2.11
12.19,1.92
12.47,1.72
12.75,1.53
13.36,1.96
13.98,2.4
14.59,2.83
14.96,3.27
15.34,3.72
15.71,4.17
14.98,4.51
14.26,4.85
13.54,5.19
12.67,4.58
11.8,3.97
10.92,3.37
10.29,3.17
9.65,2.97
9.01,2.77
8.55,2.65
8.09,2.52
7.63,2.4
8.59,2.73
9.55,3.05
10.5,3.38
11.68,3.89
12.85,4.39
14.03,4.9
14.41,5.27
14.79,5.65
15.17,6.03
15.18,5.91
15.18,5.79
15.19,5.67
14.48,5.35
13.77,5.03
13.06,4.7
11.74,3.94
10.43,3.18
9.11,2.41
8.39,2.13
7.67,1.85
6.95,1.57
6.88,1.57
6.82,1.56
6.75,1.56
8.15,1.6
9.55,1.65
10.95,1.7
12.28,1.79
13.6,1.89
14.93,1.99
15.28,2.04
15.63,2.1
15.98,2.15
16.41,2.64
16.85,3.14
17.28,3.63
16.86,3.13
16.45,2.63
16.03,2.12
14.72,2.08
13.42,2.03
12.11,1.99
12.14,2.32
12.16,2.65
12.18,2.98
12.58,3.7
12.98,4.42
13.38,5.14
13.48,5.06
13.59,4.98
13.69,4.9
14.14,5.11
14.58,5.32
15.02,5.53
14.93,5.89
14.84,6.24
14.75,6.59
15.13,6.19
15.5,5.79
15.88,5.39
15.36,4.73
14.84,4.06
14.32,3.39
13.08,2.97
11.85,2.56
10.61,2.14
10.12,2.1
9.62,2.06
9.13,2.01
9.28,2.1
9.43,2.19
9.58,2.28
10.22,2.69
10.86,3.1
11.49,3.52
12.47,3.98
13.44,4.44
14.42,4.9
14.58,5.41
14.74,5.93
14.89,6.44
14.83,6.5
14.77,6.55
14.71,6.61
13.97,6.92
13.23,7.23
12.49,7.54
11.6,7.05
10.71,6.56
9.82,6.07
9.55,5.28
9.27,4.49
9,3.7
8.73,3.68
8.46,3.67
8.19,3.66
8.86,3.94
9.53,4.22
10.19,4.5
10.86,4.87
11.53,5.25
12.2,5.63
12.7,6.06
13.2,6.5
13.69,6.94
13.84,6.51
14,6.08
14.15,5.66
13.9,4.87
13.65,4.09
13.4,3.31
11.65,2.97
9.91,2.63
8.16,2.29
8.19,2.43
8.22,2.57
8.25,2.72
8.9,2.9
9.54,3.09
10.19,3.27
11.04,3.66
11.89,4.05
12.74,4.44
14.26,4.74
15.77,5.05
17.29,5.35
17.11,6.3
16.93,7.25
16.75,8.19
16.49,7.64
16.23,7.08
15.97,6.52
15.5,6.56
15.04,6.6
14.58,6.63
14.17,6.67
13.77,6.7
13.36,6.73
12.77,5.44
12.18,4.16
11.59,2.87
10.41,2.8
9.23,2.74
8.05,2.68
8.87,2.57
9.68,2.46
10.49,2.36
11.39,2.76
12.29,3.16
13.19,3.56
13.64,3.42
14.1,3.27
14.55,3.13
15.03,3.09
15.5,3.05
15.98,3.01
15.71,2.88
15.43,2.75
15.16,2.62
14.31,2.82
13.47,3.02
12.62,3.21
12.41,3.93
12.2,4.65
11.99,5.37
12.64,5.74
13.3,6.12
13.95,6.5
13.81,6.98
13.67,7.46
13.53,7.94
13.42,7.91
13.31,7.87
13.19,7.83
14.34,8.65
15.5,9.46
16.65,10.28
17.88,10.03
19.11,9.79
20.34,9.54
19.94,9.22
19.53,8.9
19.13,8.58
18.37,8.15
17.6,7.72
16.84,7.3
16.31,6.69
15.77,6.07
15.23,5.46
14.95,5.86
14.67,6.26
14.39,6.66
14.48,6.25
14.57,5.84
14.66,5.43
15.09,5.81
15.52,6.19
15.94,6.57
16.18,6.02
16.43,5.48
16.67,4.94
16.96,4.55
17.25,4.16
17.54,3.77
17.12,3.2
16.71,2.63
16.29,2.06
14.59,2.06
12.88,2.06
11.18,2.06
10.48,1.88
9.77,1.7
9.07,1.52
8.39,1.6
7.71,1.69
7.03,1.78
8.77,1.89
10.51,2
12.25,2.11
14.32,2.37
16.39,2.63
18.46,2.88
19.25,2.91
20.05,2.93
20.84,2.95
21.35,3.09
21.85,3.24
22.36,3.38
22.06,2.96
21.76,2.54
21.46,2.12
20.03,2.57
18.6,3.03
17.17,3.48
17.02,3.32
16.87,3.16
16.72,3.01
15.76,3.01
14.81,3.01
13.85,3.01
15.04,3.11
16.23,3.22
17.42,3.32
20.22,3.24
23.01,3.16
25.8,3.08
27.37,3.32
28.94,3.56
30.51,3.81
30.76,3.78
31,3.76
31.25,3.74
29.55,3.1
27.84,2.46
26.14,1.82
24.54,2.61
22.93,3.4
21.33,4.19
20.4,3.68
19.46,3.16
18.52,2.65
17.76,3.35
16.99,4.06
16.23,4.76
16.06,4.43
15.88,4.1
15.7,3.77
16.37,4.01
17.03,4.25
17.69,4.5
18.04,4.28
18.4,4.06
18.75,3.83
18.95,3.92
19.14,4.01
19.34,4.1
18.75,4.1
18.17,4.11
17.58,4.11
15.91,3.56
14.25,3.01
12.58,2.46
12.04,2.34
11.49,2.22
10.95,2.1
10.35,2.1
9.76,2.11
9.16,2.11
10.57,1.9
11.98,1.7
13.39,1.49
14.8,1.56
16.21,1.63
17.62,1.7
18.02,2.22
18.42,2.74
18.82,3.27
18.68,3.53
18.55,3.79
18.41,4.06
17.43,4.27
16.44,4.48
15.46,4.69
14.07,4.55
12.67,4.41
11.28,4.28
10.7,3.96
10.11,3.64
9.53,3.32
9.12,3.07
8.71,2.81
8.3,2.55
9.36,2.9
10.42,3.24
11.47,3.59
12.87,4.02
14.27,4.45
15.67,4.88
16.29,4.87
16.9,4.86
17.52,4.86
17.31,5.19
17.1,5.53
16.89,5.86
16.02,5.92
15.16,5.98
14.29,6.04
13.13,5.57
11.98,5.09
10.82,4.62
10.33,4.54
9.83,4.46
9.34,4.39
9,4.24
8.67,4.1
8.33,3.96
9.1,4.11
9.86,4.25
10.62,4.4
11.91,4.61
13.19,4.81
14.47,5.02
15.23,4.8
16,4.58
16.76,4.36
16.59,4.47
16.43,4.58
16.26,4.69
15.93,4.49
15.59,4.29
15.26,4.08
14.36,4.06
13.46,4.04
12.56,4.01
12.1,4.09
11.63,4.17
11.16,4.25
10.59,3.99
10.01,3.73
9.44,3.48
10.51,3.55
11.57,3.63
12.63,3.71
14.4,4.19
16.16,4.68
17.92,5.16
18.54,4.95
19.16,4.74
19.78,4.54
20.22,4.55
20.65,4.56
21.09,4.57
20.6,4.38
20.11,4.2
19.62,4.01
18.17,4.03
16.72,4.05
15.27,4.07
14.69,4.31
14.11,4.55
13.53,4.79
13,4.52
12.47,4.25
11.94,3.99
12.77,3.94
13.6,3.89
14.42,3.85
16.45,3.87
18.47,3.89
20.49,3.92
21.48,3.79
22.47,3.66
23.46,3.53
23.77,3.66
24.09,3.8
24.4,3.93
23.89,3.81
23.37,3.69
22.86,3.57
21.4,3.57
19.93,3.57
18.47,3.57
17.97,3.68
17.46,3.79
16.95,3.9
16.16,3.59
15.38,3.27
14.59,2.95
15.49,3.06
16.38,3.17
17.27,3.28
19.56,3.47
21.84,3.65
24.12,3.83
25.23,3.52
26.34,3.2
27.45,2.88
27.35,2.72
27.26,2.56
27.16,2.4
26.38,1.99
25.6,1.57
24.82,1.16
23.53,1.64
22.25,2.11
20.96,2.59
20.5,2.85
20.03,3.1
19.57,3.35
19.25,3.41
18.94,3.46
18.62,3.52
18.42,3.95
18.21,4.38
18,4.81
18.77,4.62
19.54,4.43
20.3,4.23
20.98,4.68
21.65,5.13
22.33,5.57
22.1,5.79
21.87,6
21.64,6.22
20.91,5.93
20.18,5.63
19.45,5.34
18.36,5.04
17.26,4.75
16.17,4.46
15.75,4.42
15.33,4.38
14.91,4.34
14.34,3.83
13.78,3.31
13.21,2.8
13.74,2.5
14.27,2.2
14.8,1.9
15.68,1.81
16.56,1.71
17.43,1.61
18.38,1.91
19.34,2.21
20.29,2.51
20.45,2.69
20.6,2.86
20.76,3.03
20.11,3.04
19.45,3.05
18.8,3.06
17.9,3.25
16.99,3.44
16.09,3.63
15.49,3.93
14.88,4.23
14.27,4.52
13.33,4.67
12.38,4.82
11.44,4.97
11.67,5
11.89,5.03
12.11,5.06
13.25,4.82
14.39,4.58
15.52,4.34
16.45,3.83
17.39,3.31
18.32,2.8
18.4,3
18.48,3.2
18.56,3.41
17.86,3.56
17.17,3.71
16.47,3.86
15.09,3.95
13.71,4.04
12.33,4.12
11.71,3.84
11.08,3.56
10.46,3.28
9.78,2.83
9.11,2.38
8.43,1.93
9.36,2.14
10.28,2.35
11.2,2.57
12.33,2.88
13.46,3.19
14.59,3.5
15.26,3.38
15.92,3.26
16.59,3.14
16.92,3.2
17.24,3.25
17.57,3.3
17.03,2.88
16.5,2.47
15.96,2.06
14.61,1.77
13.26,1.49
11.91,1.2
11.23,1.5
10.54,1.81
9.85,2.11
9.18,2.16
8.51,2.21
7.84,2.26
9.53,2.28
11.21,2.3
12.89,2.32
14.78,2.64
16.67,2.97
18.55,3.3
19.54,3.54
20.53,3.77
21.52,4.01
21.95,4.63
22.39,5.25
22.82,5.86
22.17,5.42
21.51,4.98
20.86,4.54
19.76,4.63
18.67,4.72
17.57,4.81
17.31,4.59
17.04,4.36
16.77,4.14
16.43,4.15
16.1,4.17
15.76,4.18
15.57,3.95
15.38,3.73
15.19,3.5
15.75,4
16.3,4.5
16.85,4.99
16.76,5.2
16.67,5.41
16.58,5.61
16.42,5.62
16.27,5.63
16.11,5.64
15.46,5.55
14.81,5.46
14.16,5.37
13.57,4.45
12.97,3.54
12.38,2.62
12.49,2.89
12.59,3.15
12.69,3.42
12.22,3.49
11.75,3.55
11.28,3.61
11.57,3.57
11.85,3.52
12.13,3.48
12.72,3.37
13.3,3.27
13.88,3.17
14.32,3.5
14.75,3.83
15.19,4.17
15.23,4.7
15.26,5.24
15.3,5.78
14.79,5.39
14.29,5
13.78,4.61
13.02,3.95
12.25,3.29
11.49,2.63
11.37,2.6
11.25,2.57
11.13,2.54
10.87,2.6
10.62,2.67
10.36,2.73
10.7,2.85
11.03,2.96
11.36,3.08
12.39,3.01
13.42,2.95
14.44,2.88
15.02,2.65
15.6,2.42
16.18,2.19
16.54,2.21
16.91,2.23
17.27,2.25
16.91,2.11
16.56,1.96
16.2,1.82
15.56,1.7
14.92,1.57
14.28,1.45
13.64,1.52
12.99,1.59
12.35,1.66
12.64,1.82
12.92,1.98
13.21,2.14
13.72,2.3
14.22,2.46
14.72,2.62
15.35,3.31
15.97,4
16.59,4.69
16.47,4.61
16.34,4.53
16.22,4.46
16.53,5.08
16.83,5.71
17.14,6.33
16.9,5.91
16.66,5.49
16.42,5.08
15.31,3.92
14.19,2.76
13.08,1.6
12.98,2.07
12.87,2.55
12.76,3.02
12.75,3.37
12.73,3.72
12.72,4.07
12.76,3.85
12.79,3.63
12.82,3.41
12.92,3.77
13.01,4.14
13.1,4.51
13.3,4.33
13.51,4.14
13.71,3.96
13.45,4.26
13.19,4.57
12.93,4.87
12.66,4.26
12.4,3.65
12.13,3.03
11.4,2.74
10.68,2.44
9.95,2.14
9.92,2.34
9.88,2.54
9.85,2.74
9.69,2.73
9.52,2.72
9.36,2.7
10.11,2.73
10.86,2.75
11.6,2.77
12.5,3.2
13.39,3.63
14.28,4.06
14.94,4.1
15.59,4.14
16.25,4.18
15.94,5.4
15.63,6.62
15.32,7.83
14.75,7.14
14.19,6.44
13.62,5.74
12.79,5.18
11.97,4.62
11.14,4.06
11.11,3.47
11.07,2.88
11.03,2.29
11.07,2.31
11.11,2.34
11.15,2.36
11.62,2.69
12.09,3.02
12.56,3.35
13.67,3.42
14.78,3.49
15.88,3.56
16.69,3.2
17.51,2.84
18.32,2.48
18.8,2.91
19.27,3.33
19.75,3.75
19.53,3.34
19.32,2.92
19.1,2.51
17.6,2.31
16.1,2.11
14.6,1.9
14.38,1.77
14.15,1.64
13.93,1.5
13.58,1.62
13.23,1.73
12.88,1.85
13.95,1.77
15.01,1.68
16.07,1.6
17.68,1.74
19.29,1.89
20.9,2.03
21.51,2.29
22.13,2.54
22.74,2.8
22.69,3.05
22.64,3.31
22.59,3.56
22.06,3.45
21.52,3.35
20.99,3.24
19.21,2.74
17.42,2.23
15.64,1.72
15.35,1.83
15.06,1.94
14.77,2.06
14.19,1.97
13.61,1.88
13.03,1.79
14.32,1.7
15.6,1.6
16.88,1.5
18.69,1.7
20.49,1.89
22.29,2.08
23,2.64
23.72,3.2
24.43,3.75
24.55,3.26
24.67,2.77
24.79,2.28
24.31,2.17
23.83,2.07
23.35,1.97
22.38,1.96
21.41,1.94
20.44,1.93
20.16,1.92
19.88,1.91
19.6,1.9
18.59,2.17
17.58,2.44
16.57,2.7
16.89,3.03
17.21,3.36
17.53,3.68
18.12,3.85
18.71,4.02
19.3,4.19
19.71,4.55
20.12,4.91
20.53,5.27
20.86,5.49
21.19,5.72
21.52,5.94
20.85,5.5
20.17,5.06
19.5,4.62
18.06,3.67
16.63,2.73
15.19,1.78
14.47,1.77
13.74,1.77
13.02,1.77
12.36,1.72
11.71,1.67
11.05,1.63
12.59,1.7
14.13,1.77
15.66,1.85
17.13,2.09
18.6,2.33
20.06,2.57
20.04,2.53
20.01,2.49
19.99,2.46
20.94,2.45
21.89,2.44
22.84,2.43
22.55,2.2
22.27,1.98
21.98,1.75
20.72,1.71
19.47,1.67
18.21,1.63
17.66,1.52
17.1,1.42
16.55,1.31
16.01,1.54
15.46,1.77
14.92,2
15.75,2.07
16.58,2.15
17.4,2.22
18.7,2.25
19.99,2.28
21.28,2.3
21.87,2.49
22.46,2.67
23.05,2.86
23.24,2.97
23.43,3.08
23.62,3.19
22.92,2.9
22.23,2.61
21.53,2.32
19.84,2.18
18.15,2.04
16.46,1.9
15.76,1.88
15.05,1.85
14.34,1.82
13.57,1.87
12.79,1.91
12.02,1.96
13.61,1.9
15.2,1.84
16.78,1.78
18.83,2.01
20.88,2.25
22.92,2.48
23.89,2.31
24.86,2.14
25.83,1.97
26.32,2.2
26.81,2.43
27.3,2.66
26.87,2.55
26.43,2.43
26,2.32
24.51,2.59
23.01,2.87
21.52,3.14
21.04,3.49
20.55,3.83
20.06,4.17
19.5,3.8
18.94,3.44
18.39,3.08
19.22,3.35
20.06,3.63
20.9,3.9
23.26,3.94
25.62,3.99
27.98,4.03
29.39,4.41
30.8,4.8
32.22,5.19
32.67,4.93
33.12,4.68
33.58,4.43
32.95,4.4
32.32,4.38
31.69,4.36
30.46,4.39
29.24,4.41
28.01,4.44
27.53,4.3
27.05,4.16
26.57,4.01
25.73,4.08
24.89,4.15
24.06,4.22
24.4,3.8
24.74,3.37
25.08,2.95
26.65,2.8
28.22,2.65
29.8,2.5
30.98,2.76
32.16,3.03
33.34,3.3
32.53,3.45
31.73,3.61
30.93,3.77
29.01,3.61
27.09,3.45
25.18,3.3
24.3,4.39
23.42,5.48
22.54,6.57
22.01,5.21
21.48,3.86
20.96,2.51
20.17,2.01
19.39,1.51
18.61,1.01
19.31,1.17
20.01,1.34
20.71,1.5
22.29,1.41
23.87,1.31
25.46,1.21
26.52,1.17
27.58,1.13
28.64,1.09
29.06,1.66
29.48,2.23
29.9,2.8
29.63,3
29.36,3.2
29.09,3.39
28.04,3.66
26.99,3.94
25.94,4.21
25.66,4.19
25.37,4.18
25.09,4.17
24.81,3.95
24.54,3.73
24.27,3.52
25.09,3.37
25.91,3.21
26.74,3.06
28.48,3.26
30.22,3.47
31.97,3.67
32.33,3.93
32.7,4.18
33.07,4.44
32.43,4.18
31.79,3.93
31.16,3.67
29.96,3.82
28.76,3.96
27.56,4.11
26.13,3.94
24.71,3.78
23.28,3.61
22.57,3.31
21.86,3
21.16,2.69
20.19,2.64
19.23,2.59
18.27,2.54
19.09,2.41
19.91,2.28
20.73,2.15
21.93,2.29
23.14,2.44
24.35,2.58
25.14,3.04
25.93,3.51
26.72,3.97
25.94,5.41
25.16,6.84
24.39,8.28
22.4,6.64
20.41,5.01
18.43,3.38
18.08,3.81
17.74,4.24
17.4,4.68
17.12,4.5
16.84,4.33
16.57,4.15
16.04,3.94
15.51,3.74
14.99,3.53
15.61,3.77
16.24,4.01
16.87,4.25
18.21,4.31
19.55,4.37
20.9,4.43
21.72,4.52
22.54,4.62
23.36,4.72
23.54,4.43
23.72,4.15
23.9,3.86
23.56,3.02
23.22,2.18
22.88,1.34
21.17,1.57
19.47,1.8
17.77,2.03
17.27,2.17
16.77,2.31
16.27,2.46
16.02,2.6
15.77,2.74
15.53,2.88
16.99,3.09
18.45,3.3
19.92,3.5
22.31,3.34
24.71,3.17
27.11,3.01
27.85,3.49
28.59,3.96
29.34,4.44
28.16,5.28
26.98,6.11
25.81,6.95
24.61,6.52
23.41,6.1
22.22,5.67
21.16,5.6
20.11,5.52
19.06,5.45
18.3,5.66
17.54,5.86
16.78,6.07
16.2,6.22
15.62,6.37
15.04,6.52
15.27,6.57
15.5,6.63
15.74,6.68
16.07,6.84
16.4,7.01
16.74,7.17
16.91,7.27
17.08,7.37
17.26,7.48
17.11,7.26
16.96,7.03
16.82,6.81
16.47,6.52
16.12,6.23
15.78,5.94
15.29,5.38
14.81,4.81
14.32,4.25
14,4.34
13.68,4.44
13.37,4.54
12.96,4.34
12.55,4.14
12.14,3.94
12.59,3.89
13.05,3.83
13.51,3.77
14.28,4.17
15.05,4.58
15.83,4.99
16.34,5.34
16.85,5.69
17.37,6.04
17.47,6.06
17.57,6.07
17.68,6.08
17.2,5.55
16.73,5.02
16.26,4.48
14.95,3.61
13.65,2.74
12.34,1.86
12.22,1.88
12.1,1.9
11.98,1.92
10.53,2.07
9.08,2.22
7.64,2.37
9.34,1.87
11.04,1.37
12.74,0.87
14.67,1.27
16.6,1.67
18.54,2.07
19.54,1.83
20.55,1.58
21.56,1.34
22.11,1.2
22.66,1.06
23.21,0.92
22.95,1.07
22.69,1.21
22.44,1.35
20.99,1.9
19.54,2.45
18.09,2.99
17.85,3.12
17.6,3.25
17.36,3.38
16.91,3.25
16.47,3.11
16.03,2.98
16.59,3.11
17.16,3.24
17.73,3.37
19.93,2.97
22.13,2.58
24.34,2.19
25.55,1.86
26.76,1.52
27.98,1.19
27.39,2.15
26.81,3.12
26.23,4.08
25.1,4.53
23.97,4.98
22.84,5.43
21.32,4.61
19.8,3.78
18.28,2.95
17.92,2.58
17.56,2.21
17.2,1.83
16.98,2.47
16.76,3.11
16.55,3.75
16.83,3.97
17.11,4.19
17.4,4.41
17.77,4.32
18.14,4.22
18.51,4.12
18.06,4.58
17.62,5.04
17.18,5.5
18.2,5.21
19.22,4.91
20.24,4.62
20.04,4.52
19.84,4.43
19.64,4.33
18.88,4.37
18.13,4.4
17.37,4.44
17.2,4.42
17.03,4.4
16.87,4.39
16.59,4.33
16.32,4.28
16.05,4.22
16.25,4
16.46,3.79
16.67,3.57
16.7,3.93
16.73,4.28
16.77,4.63
16.68,4.81
16.6,4.99
16.52,5.17
17.15,5.5
17.79,5.83
18.43,6.17
18.21,5.77
17.99,5.37
17.78,4.98
17.73,4.98
17.69,4.98
17.64,4.98
17.66,4.81
17.67,4.65
17.69,4.48
17.54,4.72
17.39,4.95
17.25,5.19
17.34,5.09
17.43,4.98
17.53,4.88
17.91,4.84
18.29,4.8
18.67,4.76
19.1,4.31
19.53,3.87
19.96,3.42
20.31,3.86
20.67,4.29
21.03,4.73
20.56,4.38
20.1,4.02
19.64,3.67
18.52,3.15
17.41,2.63
16.3,2.11
16.21,1.98
16.12,1.84
16.04,1.71
16.08,1.49
16.12,1.28
16.17,1.06
16.73,1.3
17.29,1.53
17.86,1.77
18.78,2.69
19.7,3.62
20.62,4.55
21.14,4.15
21.66,3.75
22.19,3.35
21.63,3.86
21.07,4.37
20.51,4.88
20.31,4.41
20.12,3.94
19.93,3.46
19.12,2.95
18.31,2.44
17.5,1.93
17.13,1.99
16.76,2.05
16.4,2.11
16.25,2.14
16.1,2.17
15.96,2.19
16,1.85
16.04,1.51
16.09,1.17
17.29,1.15
18.49,1.13
19.7,1.1
21.05,0.93
22.4,0.76
23.75,0.59
24.17,0.97
24.59,1.35
25.01,1.72
24.86,2.02
24.72,2.31
24.58,2.61
23.35,2.86
22.13,3.11
20.91,3.37
20.54,3.74
20.16,4.12
19.79,4.5
20.16,5.13
20.53,5.76
20.91,6.39
21.87,6.45
22.84,6.51
23.81,6.57
24.57,6.5
25.34,6.43
26.11,6.36
26.34,6.49
26.58,6.63
26.82,6.76
27.02,6.32
27.22,5.89
27.42,5.45
26.66,4.87
25.91,4.3
25.16,3.72
23.99,3.31
22.83,2.91
21.66,2.5
21.03,2.95
20.39,3.41
19.76,3.86
18.88,3.84
18.01,3.83
17.14,3.81
17.42,3.85
17.7,3.9
17.99,3.94
18.94,3.84
19.9,3.73
20.86,3.63
21.48,3.98
22.1,4.33
22.73,4.68
22.85,4.63
22.98,4.58
23.11,4.54
22.47,4.12
21.83,3.71
21.19,3.3
19.99,2.8
18.79,2.3
17.59,1.81
17.28,2.28
16.97,2.75
16.67,3.23
16.18,3.08
15.7,2.93
15.22,2.79
15.21,2.47
15.2,2.15
15.2,1.83
16.07,2.11
16.94,2.39
17.81,2.66
18.38,2.61
18.95,2.55
19.52,2.5
20.19,3.64
20.87,4.78
21.55,5.92
21.34,5.31
21.13,4.7
20.93,4.1
19.89,3.96
18.86,3.83
17.82,3.7
16.89,2.98
15.96,2.27
15.03,1.56
14.48,1.69
13.94,1.83
13.4,1.96
14.46,1.84
15.52,1.73
16.59,1.61
18,1.97
19.41,2.32
20.82,2.68
20.96,2.66
21.11,2.64
21.26,2.62
21.41,2.97
21.57,3.31
21.73,3.66
21.76,3.36
21.8,3.06
21.84,2.76
21.4,3.15
20.96,3.54
20.52,3.93
20.37,3.84
20.21,3.76
20.06,3.67
20.12,4.13
20.18,4.6
20.24,5.06
20.01,5.17
19.78,5.28
19.55,5.39
19.95,4.96
20.35,4.53
20.75,4.1
21.7,4.03
22.66,3.97
23.62,3.9
24.2,4.19
24.79,4.48
25.38,4.77
24.9,4.41
24.42,4.06
23.95,3.7
22.68,3.3
21.42,2.91
20.16,2.51
19.8,2.21
19.44,1.9
19.08,1.6
18.3,2.1
17.52,2.6
16.74,3.1
17.26,3.15
17.78,3.2
18.31,3.24
19.47,3.62
20.64,4
21.81,4.37
22.35,4.51
22.89,4.65
23.43,4.79
23.42,4.84
23.41,4.9
23.41,4.95
22.88,4.17
22.36,3.38
21.84,2.59
20.92,2.48
20.01,2.36
19.1,2.25
18.53,2.71
17.95,3.18
17.38,3.64
16.75,3.52
16.13,3.4
15.51,3.28
15.86,3.4
16.21,3.51
16.56,3.63
17.61,3.4
18.66,3.18
19.71,2.95
20.29,3.12
20.88,3.28
21.47,3.45
21.23,3.31
20.99,3.17
20.75,3.03
20.46,2.35
20.17,1.66
19.88,0.98
18.77,1.38
17.67,1.78
16.56,2.18
16.16,1.9
15.75,1.62
15.35,1.34
15.1,1.38
14.85,1.43
14.6,1.48
15.09,1.62
15.58,1.76
16.08,1.9
17.09,1.79
18.1,1.68
19.11,1.57
19.9,1.61
20.69,1.65
21.48,1.68
22.58,1.74
23.69,1.79
24.8,1.85
24.12,2.4
23.44,2.95
22.76,3.5
21.48,3.66
20.21,3.83
18.94,3.99
18.66,3.94
18.37,3.89
18.09,3.83
17.9,4.16
17.71,4.49
17.52,4.81
17.32,5.26
17.12,5.7
16.92,6.14
16.81,6.44
16.7,6.74
16.6,7.05
15.89,8.54
15.18,10.03
14.47,11.52
14.09,11.33
13.72,11.15
13.35,10.97
13.34,10.06
13.34,9.14
13.34,8.23
13.18,7.26
13.03,6.29
12.88,5.32
12.76,4.93
12.64,4.53
12.52,4.14
11.84,3.77
11.17,3.39
10.5,3.02
11.37,2.86
12.24,2.71
13.12,2.55
14.78,2.99
16.45,3.43
18.12,3.88
18.8,4.18
19.49,4.48
20.18,4.79
19.98,4.56
19.79,4.34
19.6,4.11
17.76,3.68
15.93,3.25
14.1,2.81
13.97,3.64
13.84,4.46
13.71,5.28
13.97,5.08
14.23,4.88
14.49,4.68
14.84,5.02
15.2,5.36
15.56,5.7
15.62,5.83
15.68,5.95
15.74,6.08
16.02,6.48
16.3,6.87
16.58,7.27
16.83,7.38
17.09,7.49
17.35,7.6
17.4,7.43
17.45,7.26
17.5,7.09
17.58,7.07
17.67,7.05
17.76,7.03
17.14,6.95
16.53,6.86
15.92,6.77
15.49,6.88
15.06,6.99
14.63,7.1
14.5,6.84
14.38,6.58
14.26,6.32
14.32,6.43
14.38,6.55
14.44,6.66
15.03,7.16
15.62,7.66
16.22,8.17
16.64,8.07
17.07,7.98
17.5,7.89
17.76,7.9
18.03,7.92
18.3,7.93
17.86,7.48
17.42,7.03
16.99,6.58
16.37,6.32
15.76,6.06
15.15,5.81
14.83,5.71
14.5,5.62
14.18,5.53
13.84,5.49
13.51,5.45
13.18,5.41
13.46,5.12
13.74,4.84
14.02,4.55
14.53,4.88
15.05,5.2
15.57,5.53
15.86,6.11
16.15,6.68
16.44,7.26
16.29,7.32
16.14,7.38
16,7.45
15.84,7.13
15.69,6.8
15.54,6.48
14.97,5.83
14.4,5.17
13.83,4.51
13.63,4.2
13.43,3.89
13.24,3.59
12.67,3.47
12.1,3.35
11.54,3.23
12.14,3.18
12.74,3.13
13.34,3.08
14.1,3.53
14.86,3.98
15.63,4.43
15.76,4.02
15.89,3.62
16.02,3.21
15.89,3.53
15.76,3.84
15.64,4.15
15.22,3.76
14.8,3.36
14.38,2.97
13.6,2.65
12.82,2.33
12.04,2.01
11.83,2.11
11.62,2.22
11.42,2.32
10.51,2.21
9.61,2.1
8.71,1.99
9.7,1.85
10.69,1.71
11.68,1.57
13.14,1.47
14.6,1.37
16.07,1.27
16.79,1.15
17.51,1.03
18.24,0.91
18.45,1.13
18.66,1.35
18.87,1.57
18.48,1.72
18.09,1.88
17.7,2.03
16.14,2.18
14.59,2.34
13.03,2.5
12.75,2.74
12.47,2.99
12.2,3.24
11.56,2.86
10.93,2.47
10.3,2.08
10.85,2
11.41,1.93
11.96,1.85
14.21,1.53
16.46,1.21
18.71,0.9
19.75,1.11
20.79,1.33
21.84,1.54
21.84,1.88
21.84,2.22
21.85,2.55
21.11,2.45
20.37,2.34
19.63,2.23
17.96,2.19
16.28,2.14
14.61,2.1
14.4,2.04
14.19,1.98
13.98,1.92
12.61,1.83
11.23,1.74
9.86,1.66
11,1.36
12.15,1.06
13.29,0.76
15.69,0.69
18.08,0.61
20.47,0.54
21.4,0.78
22.32,1.03
23.25,1.27
23.66,1.56
24.07,1.85
24.48,2.14
23.95,2.03
23.43,1.92
22.9,1.81
21.46,2.28
20.03,2.75
18.59,3.23
18.27,3.24
17.94,3.26
17.62,3.27
16.82,3.21
16.02,3.16
15.22,3.1
16.09,3.23
16.95,3.36
17.82,3.49
20.75,3.54
23.67,3.58
26.59,3.63
27.82,3.84
29.04,4.06
30.27,4.28
29.97,4.07
29.67,3.86
29.38,3.66
28.32,3.25
27.26,2.85
26.2,2.44
24.27,2.39
22.35,2.33
20.42,2.28
19.88,2.93
19.34,3.58
18.8,4.23
18.61,3.2
18.42,2.17
18.23,1.13
18.51,1.27
18.79,1.41
19.07,1.54
19.36,1.87
19.65,2.19
19.94,2.51
19.79,2.88
19.64,3.25
19.49,3.61
19.52,3.72
19.56,3.83
19.6,3.93
19.7,3.2
19.81,2.47
19.91,1.74
18.56,1.75
17.22,1.76
15.87,1.77
15.77,1.93
15.68,2.1
15.58,2.26
14.33,2.29
13.07,2.31
11.82,2.33
12.64,2.37
13.45,2.41
14.27,2.46
16.27,2.43
18.27,2.41
20.26,2.39
21.43,2.53
22.6,2.68
23.78,2.83
24.36,3.19
24.94,3.54
25.52,3.9
25.04,3.82
24.56,3.74
24.08,3.66
22.87,3.63
21.66,3.61
20.45,3.59
19.96,3.45
19.46,3.31
18.97,3.17
18.33,2.93
17.7,2.69
17.06,2.46
17.79,2.33
18.52,2.2
19.25,2.07
21.66,2.09
24.07,2.11
26.47,2.12
27.22,2.58
27.96,3.04
28.71,3.5
28.3,4.18
27.89,4.86
27.49,5.53
26.57,4.7
25.64,3.88
24.72,3.05
22.95,2.66
21.17,2.28
19.4,1.89
18.91,1.85
18.41,1.81
17.92,1.77
17.33,1.62
16.73,1.47
16.14,1.32
16.56,1.62
16.98,1.92
17.4,2.22
19.32,2.44
21.24,2.66
23.16,2.88
24.31,2.16
25.46,1.44
26.62,0.72
26.89,0.98
27.16,1.24
27.43,1.5
26.78,1.84
26.13,2.17
25.48,2.51
24.12,2.72
22.77,2.92
21.41,3.13
20.71,3.14
20.01,3.16
19.31,3.17
18.47,3.03
17.62,2.88
16.78,2.73
16.86,3
16.95,3.27
17.03,3.54
18.26,3.65
19.48,3.75
20.7,3.85
21.67,3.6
22.64,3.36
23.61,3.12
23.52,3.04
23.43,2.97
23.35,2.9
22.63,2.93
21.9,2.96
21.18,2.99
19.68,2.84
18.18,2.69
16.68,2.54
15.84,2.53
14.99,2.53
14.15,2.52
13.96,2.45
13.78,2.37
13.59,2.29
14.08,2.24
14.56,2.19
15.05,2.14
16.99,1.89
18.92,1.65
20.85,1.41
21.8,1.57
22.74,1.74
23.69,1.9
23.93,1.64
24.18,1.38
24.43,1.12
23.82,1.05
23.21,0.98
22.6,0.91
21.15,1.16
19.7,1.42
18.25,1.67
18.22,1.65
18.19,1.63
18.16,1.61
17.19,1.44
16.22,1.26
15.25,1.09
15.91,1.36
16.57,1.63
17.23,1.9
18.88,1.38
20.52,0.86
22.16,0.33
23.13,0.49
24.1,0.64
25.07,0.8
25.24,0.8
25.42,0.8
25.6,0.8
25.04,0.76
24.47,0.72
23.91,0.68
22.39,1.03
20.88,1.38
19.36,1.74
18.92,1.5
18.47,1.26
18.03,1.02
17.35,1.35
16.68,1.68
16,2.01
16.7,2.17
17.39,2.33
18.09,2.48
19.64,2.37
21.19,2.25
22.73,2.14
23.44,1.99
24.15,1.83
24.87,1.68
24.92,1.86
24.97,2.03
25.02,2.21
24.31,2.28
23.6,2.35
22.89,2.43
21.99,2.57
21.09,2.71
20.19,2.86
19.87,2.91
19.54,2.96
19.22,3.01
18.86,3.02
18.51,3.03
18.15,3.03
18.28,3.22
18.41,3.41
18.54,3.6
19.54,3.52
20.53,3.43
21.52,3.35
22.67,3.46
23.81,3.56
24.96,3.67
25.03,3.67
25.11,3.67
25.19,3.67
24.68,3.96
24.16,4.25
23.65,4.54
22.61,4.21
21.56,3.88
20.52,3.54
20.09,3.67
19.67,3.79
19.24,3.92
18.51,3.96
17.78,4.01
17.05,4.06
17.47,4.13
17.89,4.2
18.31,4.28
20.11,4.24
21.91,4.21
23.71,4.18
25.26,4.16
26.81,4.13
28.36,4.11
28.86,4.37
29.36,4.63
29.86,4.88
29.25,4.46
28.63,4.03
28.02,3.6
27.24,3.78
26.46,3.97
25.68,4.15
25.34,3.68
24.99,3.21
24.65,2.74
23.3,2.4
21.94,2.06
20.59,1.71
20.71,2.26
20.83,2.8
20.95,3.35
21.87,3.98
22.79,4.61
23.7,5.24
24.24,4.78
24.77,4.31
25.31,3.85
24.94,3.31
24.57,2.77
24.21,2.23
23.4,2.03
22.58,1.83
21.77,1.63
20.95,1.63
20.12,1.64
19.3,1.64
18.98,1.73
18.67,1.82
18.35,1.9
18.2,2.29
18.06,2.69
17.91,3.08
18.06,2.93
18.22,2.78
18.37,2.63
18.76,2.47
19.14,2.3
19.52,2.14
19.32,2.16
19.12,2.17
18.92,2.19
18.55,2.5
18.19,2.8
17.83,3.1
17.25,3.69
16.66,4.27
16.08,4.86
15.88,4.71
15.67,4.57
15.47,4.43
15.47,4.21
15.48,4
15.48,3.78
15.31,3.54
15.15,3.3
14.98,3.06
15.11,3.12
15.24,3.18
15.37,3.24
16.22,3.26
17.06,3.29
17.9,3.31
18.51,3.52
19.12,3.72
19.73,3.93
18.91,4
18.09,4.08
17.28,4.15
16.69,4.08
16.1,4
15.51,3.93
15.06,3.8
14.61,3.66
14.16,3.53
13.92,3.44
13.67,3.36
13.43,3.27
13.28,3.54
13.13,3.8
12.98,4.07
13.19,4.15
13.4,4.23
13.61,4.32
14.25,4.6
14.89,4.88
15.53,5.16
15.93,4.93
16.33,4.7
16.74,4.47
16.13,4.34
15.52,4.2
14.92,4.07
14.63,4.17
14.34,4.27
14.05,4.37
13.92,4.48
13.78,4.58
13.65,4.69
13.74,4.69
13.83,4.7
13.92,4.7
13.94,4.78
13.97,4.86
13.99,4.94
13.99,4.89
13.99,4.84
13.99,4.79
14.68,4.48
15.36,4.17
16.04,3.86
16.6,3.74
17.16,3.61
17.72,3.49
18.08,3.45
18.44,3.42
18.81,3.38
18.32,3.01
17.84,2.63
17.35,2.26
16.27,2.28
15.19,2.29
14.11,2.3
13.74,2.1
13.37,1.9
13,1.7
12.77,1.71
12.53,1.71
12.3,1.72
12.68,2.06
13.05,2.39
13.43,2.72
15.31,2.57
17.18,2.42
19.05,2.28
19.74,2.02
20.43,1.77
21.12,1.52
21,1.46
20.89,1.4
20.78,1.34
20.42,1.33
20.06,1.33
19.7,1.32
18.18,1.58
16.66,1.84
15.14,2.1
14.82,2.11
14.49,2.11
14.17,2.12
13.91,2.09
13.65,2.05
13.39,2.01
13.78,2.2
14.16,2.38
14.55,2.57
16.9,2.7
19.24,2.83
21.58,2.97
22.37,2.72
23.16,2.47
23.96,2.22
24,2.11
24.04,2.01
24.09,1.9
23.33,1.63
22.56,1.35
21.8,1.08
20.35,1.14
18.89,1.2
17.44,1.26
16.85,1.29
16.27,1.32
15.68,1.35
15.05,1.51
14.42,1.67
13.79,1.83
14.43,1.83
15.07,1.82
15.71,1.81
17.83,1.57
19.94,1.34
22.05,1.1
22.84,1.42
23.62,1.73
24.41,2.04
24.69,2.11
24.97,2.17
25.25,2.23
24.62,2.15
23.98,2.06
23.35,1.97
22.15,2.01
20.96,2.05
19.76,2.08
19.31,2.26
18.85,2.44
18.4,2.62
17.88,2.66
17.35,2.7
16.83,2.74
16.87,2.78
16.91,2.81
16.95,2.84
19.16,2.76
21.36,2.69
23.56,2.61
24.72,2.92
25.87,3.23
27.03,3.54
26.91,3.6
26.79,3.66
26.67,3.72
25.68,3.22
24.69,2.72
23.7,2.22
22.71,2.9
21.73,3.58
20.74,4.26
20.31,4.31
19.89,4.35
19.46,4.4
18.89,4.38
18.31,4.36
17.74,4.34
17.83,4.44
17.92,4.54
18.01,4.63
19.62,5.04
21.23,5.45
22.84,5.86
24.06,6.29
25.28,6.71
26.51,7.13
26.37,7.05
26.23,6.97
26.09,6.9
24.91,6.02
23.72,5.14
22.54,4.26
21.12,3.31
19.7,2.36
18.28,1.41
17.89,1.38
17.5,1.35
17.11,1.32
16.69,1.57
16.27,1.81
15.85,2.06
15.94,2.12
16.02,2.19
16.11,2.26
16.94,2.33
17.77,2.4
18.59,2.47
19.17,3.08
19.75,3.69
20.33,4.3
20.32,4.65
20.31,4.99
20.31,5.34
19.76,5.77
19.22,6.21
18.67,6.65
17.86,6.6
17.06,6.55
16.25,6.5
16.17,6.59
16.08,6.68
16,6.77
15.85,6.68
15.71,6.59
15.56,6.5
15.5,6.63
15.43,6.76
15.37,6.9
15.96,7.21
16.55,7.52
17.13,7.83
18.07,7.46
19,7.08
19.94,6.7
19.92,6.5
19.9,6.29
19.89,6.08
18.5,5.33
17.12,4.58
15.73,3.83
15.77,4.47
15.81,5.11
15.85,5.75
16.41,5.8
16.96,5.85
17.52,5.9
17.65,5.4
17.79,4.89
17.92,4.39
18.18,4.66
18.43,4.94
18.69,5.21
19.53,5.6
20.36,6
21.19,6.39
22.2,6.39
23.21,6.39
24.22,6.39
24.5,6.04
24.78,5.69
25.06,5.34
24.83,5.34
24.61,5.35
24.38,5.35
23.37,5.14
22.35,4.94
21.34,4.73
20.54,4.44
19.73,4.14
18.93,3.85
18.74,4.37
18.56,4.89
18.37,5.41
18.13,5.03
17.88,4.64
17.64,4.26
17.84,4.79
18.04,5.32
18.23,5.85
17.56,5.76
16.89,5.66
16.22,5.57
15.78,5.25
15.34,4.93
14.91,4.61
14.79,4.38
14.68,4.15
14.56,3.92
14.36,3.7
14.16,3.49
13.96,3.27
13.87,3.26
13.78,3.25
13.69,3.24
13.36,3.15
13.02,3.07
12.69,2.98
12.81,3.1
12.94,3.23
13.06,3.35
14.64,3.52
16.22,3.69
17.8,3.86
18.66,3.68
19.51,3.49
20.37,3.31
20.34,3.49
20.31,3.67
20.29,3.85
19.5,3.01
18.71,2.17
17.92,1.34
16.94,1.6
15.96,1.85
14.98,2.11
14.08,2.1
13.17,2.09
12.27,2.08
11.83,2.03
11.4,1.98
10.96,1.93
11.49,1.99
12.01,2.05
12.54,2.11
14.97,1.73
17.4,1.36
19.82,0.98
20.84,0.84
21.86,0.7
22.88,0.57
23.14,0.8
23.4,1.03
23.67,1.26
22.78,1.49
21.89,1.72
21,1.96
20.08,2.26
19.16,2.57
18.24,2.87
17.99,2.93
17.75,2.99
17.5,3.05
17.15,3.11
16.8,3.18
16.45,3.24
16.55,3.3
16.66,3.35
16.76,3.41
18.06,3.09
19.36,2.78
20.66,2.47
22.16,2.21
23.66,1.94
25.17,1.68
25.98,1.7
26.8,1.71
27.62,1.72
26.61,1.69
25.61,1.65
24.6,1.61
23.57,1.72
22.53,1.83
21.5,1.93
21.15,2.01
20.79,2.1
20.44,2.18
20.15,2.12
19.87,2.06
19.58,2
19.78,2.14
19.98,2.28
20.18,2.41
21.74,2.55
23.3,2.69
24.86,2.83
26.04,2.9
27.22,2.97
28.41,3.05
28.15,4.03
27.89,5.02
27.64,6
26.06,4.6
24.47,3.2
22.89,1.79
21.72,2.69
20.55,3.59
19.38,4.48
18.98,4.44
18.58,4.4
18.18,4.36
18,3.97
17.82,3.59
17.65,3.2
17.41,3.27
17.18,3.34
16.95,3.41
16.91,3.45
16.88,3.5
16.84,3.54
16.68,3.67
16.51,3.8
16.35,3.93
16.8,4.16
17.26,4.38
17.72,4.61
17.24,4.17
16.76,3.73
16.28,3.3
15.76,2.99
15.24,2.68
14.72,2.37
14.48,2.46
14.25,2.56
14.01,2.65
13.35,2.46
12.69,2.26
12.03,2.07
12.18,2.22
12.33,2.36
12.48,2.51
13.88,2.86
15.28,3.2
16.68,3.54
16.59,3.49
16.49,3.44
16.4,3.39
16.33,3.09
16.26,2.78
16.19,2.47
15.6,2.16
15.01,1.84
14.42,1.53
13.57,1.71
12.71,1.9
11.86,2.08
11.45,1.6
11.04,1.13
10.63,0.65
10.45,0.97
10.26,1.3
10.08,1.63
10.27,1.79
10.47,1.95
10.67,2.11
12.15,2.61
13.63,3.11
15.11,3.61
15.39,3.77
15.67,3.93
15.95,4.08
15.9,3.79
15.85,3.49
15.8,3.2
14.96,3.09
14.13,2.98
13.29,2.87
12.8,2.74
12.31,2.62
11.82,2.5
11.75,2.72
11.68,2.95
11.61,3.17
11.6,3.42
11.6,3.66
11.59,3.9
11.75,4.18
11.91,4.46
12.08,4.74
13.02,5.42
13.96,6.09
14.89,6.76
15.12,6.94
15.35,7.13
15.58,7.31
15.38,7.45
15.18,7.59
14.98,7.72
14.59,7.47
14.19,7.21
13.8,6.95
13.61,6.23
13.42,5.52
13.23,4.8
13.32,4.42
13.41,4.04
13.5,3.66
13.31,3.69
13.13,3.73
12.94,3.77
12.94,3.8
12.94,3.83
12.95,3.86
13.47,4.34
14,4.81
14.52,5.28
14.69,4.95
14.86,4.62
15.03,4.29
14.8,5.04
14.58,5.8
14.36,6.55
13.91,6.05
13.46,5.54
13.01,5.03
12.7,4.73
12.4,4.43
12.09,4.12
12.15,4.02
12.21,3.92
12.26,3.82
11.98,3.93
11.7,4.04
11.42,4.15
11.58,4.14
11.75,4.12
11.92,4.11
12.94,4.48
13.97,4.86
14.99,5.23
15.26,5.23
15.52,5.24
15.79,5.24
15.66,5.22
15.53,5.2
15.4,5.17
15.02,4.92
14.65,4.67
14.27,4.41
14.15,4.32
14.02,4.23
13.9,4.14
14.15,4.23
14.41,4.33
14.66,4.43
14.36,4.56
14.07,4.69
13.77,4.81
13.9,4.5
14.03,4.18
14.16,3.86
14.89,4.18
15.62,4.5
16.34,4.81
16.74,4.37
17.14,3.93
17.55,3.49
17.43,3.72
17.31,3.95
17.19,4.18
16.68,3.88
16.17,3.58
15.66,3.28
15.24,3.11
14.82,2.93
14.4,2.76
14.07,2.57
13.74,2.37
13.41,2.18
13.38,2.39
13.35,2.59
13.32,2.8
13.38,2.83
13.44,2.86
13.5,2.88
14.3,3.28
15.1,3.68
15.9,4.08
16.44,3.54
16.98,2.99
17.52,2.44
17.53,2.45
17.55,2.45
17.57,2.46
16.97,2.04
16.36,1.63
15.76,1.21
15.03,1.25
14.29,1.29
13.56,1.32
13.17,1.61
12.78,1.89
12.38,2.18
11.88,2.15
11.37,2.12
10.87,2.1
10.96,2.09
11.06,2.09
11.16,2.08
13.03,2.33
14.91,2.57
16.78,2.81
17.47,3.17
18.16,3.52
18.86,3.88
18.81,3.9
18.77,3.92
18.73,3.94
17.76,3.77
16.8,3.6
15.83,3.43
15.14,3.71
14.46,4
13.77,4.28
13.46,4.28
13.15,4.29
12.84,4.29
12.27,4
11.69,3.7
11.12,3.41
11.01,3.59
10.91,3.77
10.81,3.94
12.5,4.16
14.2,4.38
15.89,4.59
16.94,4.63
17.99,4.68
19.05,4.72
18.99,4.73
18.94,4.74
18.89,4.74
17.94,4.25
16.98,3.75
16.03,3.26
15.33,3.24
14.64,3.23
13.94,3.21
13.51,3.32
13.08,3.43
12.65,3.54
12.11,3.4
11.58,3.25
11.04,3.1
10.89,3.15
10.74,3.2
10.59,3.24
12.29,3.25
13.99,3.25
15.68,3.26
16.78,3.04
17.87,2.82
18.97,2.61
19.05,2.63
19.14,2.64
19.23,2.66
18.2,2.69
17.16,2.71
16.13,2.73
15.35,2.67
14.56,2.61
13.78,2.55
13.43,2.78
13.08,3
12.72,3.23
12.69,3.3
12.66,3.37
12.63,3.45
13.03,3.61
13.44,3.78
13.85,3.94
14.95,4.17
16.06,4.4
17.16,4.63
18.12,4.66
19.08,4.68
20.04,4.7
19.9,4.29
19.77,3.87
19.63,3.45
18.8,3.27
17.96,3.1
17.13,2.92
16.84,2.9
16.56,2.88
16.27,2.86
16.06,2.65
15.85,2.45
15.63,2.25
15.46,2.23
15.3,2.21
15.13,2.19
14.97,2.06
14.81,1.93
14.66,1.79
15.41,1.79
16.16,1.79
16.91,1.79
17.48,2.33
18.05,2.87
18.63,3.41
19.28,3.82
19.94,4.23
20.6,4.65
19.85,4.84
19.09,5.03
18.34,5.23
18.07,5.44
17.79,5.65
17.52,5.86
17.24,5.41
16.97,4.96
16.69,4.51
16.26,3.77
15.83,3.02
15.4,2.28
15.36,2.5
15.33,2.73
15.3,2.95
15.37,3.4
15.44,3.84
15.5,4.29
16.07,4.34
16.64,4.39
17.22,4.44
17,4.93
16.79,5.43
16.57,5.92
15.46,5.87
14.34,5.82
13.23,5.77
12.89,5.75
12.54,5.73
12.2,5.71
12.13,5.68
12.06,5.66
11.98,5.63
12.16,5.51
12.33,5.39
12.51,5.27
12.46,5.38
12.42,5.49
12.38,5.6
12.31,5.87
12.24,6.13
12.16,6.4
13.13,6.82
14.1,7.24
15.08,7.66
15.53,7.85
15.99,8.05
16.45,8.25
16.11,7.52
15.76,6.8
15.42,6.07
14.9,5.13
14.37,4.19
13.85,3.26
13.74,3.43
13.64,3.6
13.53,3.78
13.41,4.08
13.29,4.38
13.17,4.68
13.17,5.14
13.18,5.6
13.19,6.07
13.94,5.97
14.69,5.88
15.43,5.78
16.32,5.74
17.21,5.7
18.11,5.66
17.91,5.14
17.72,4.62
17.53,4.1
17.37,4.73
17.21,5.37
17.05,6
16.59,6.23
16.13,6.46
15.67,6.69
15.72,7.02
15.77,7.34
15.82,7.67
15.91,7.79
16.01,7.92
16.1,8.04
15.96,7.3
15.82,6.55
15.69,5.81
15.93,5.93
16.17,6.05
16.4,6.17
16.28,6.3
16.16,6.43
16.04,6.57
15.69,6.11
15.35,5.66
15.01,5.2
14.57,4.92
14.13,4.64
13.69,4.36
13.34,4.3
12.99,4.24
12.64,4.18
12.57,4.06
12.51,3.94
12.44,3.82
12.32,3.73
12.2,3.64
12.08,3.54
12.02,3.54
11.96,3.54
11.9,3.53
13.05,3.76
14.2,3.98
15.35,4.21
16.12,4.46
16.89,4.72
17.66,4.98
17.38,5.01
17.1,5.03
16.82,5.06
16.12,4.01
15.41,2.97
14.71,1.92
14.19,2.08
13.66,2.24
13.14,2.4
12.97,2.54
12.81,2.68
12.64,2.81
12.32,2.57
11.99,2.33
11.67,2.08
11.45,2.24
11.24,2.4
11.03,2.57
12.19,2.41
13.35,2.25
14.51,2.1
14.83,2.49
15.15,2.88
15.47,3.27
15.8,3.48
16.14,3.68
16.47,3.89
15.75,3.5
15.02,3.12
14.3,2.73
13.76,2.51
13.23,2.28
12.69,2.06
12.31,1.93
11.93,1.8
11.55,1.67
10.93,1.66
10.3,1.65
9.68,1.64
9.84,1.77
10,1.9
10.17,2.03
12.12,2.37
14.07,2.72
16.01,3.06
16.67,3.6
17.33,4.13
18,4.66
17.58,4.59
17.17,4.51
16.76,4.44
16.07,3.88
15.38,3.32
14.69,2.76
14.11,2.4
13.54,2.04
12.96,1.68
12.95,2.09
12.95,2.49
12.94,2.9
12.41,2.81
11.87,2.73
11.34,2.65
11.33,2.7
11.33,2.75
11.33,2.8
12.68,2.93
14.03,3.07
15.38,3.2
16.24,3.41
17.09,3.62
17.95,3.83
17.7,3.76
17.46,3.68
17.21,3.6
16.41,3.4
15.6,3.2
14.8,3.01
14.07,3.18
13.34,3.36
12.61,3.53
12.55,3.76
12.5,3.98
12.44,4.21
12.63,4.61
12.83,5.02
13.02,5.42
13.07,5
13.13,4.58
13.19,4.17
13.37,4.16
13.55,4.15
13.72,4.14
13.75,3.62
13.78,3.1
13.82,2.58
13.2,2.24
12.58,1.91
11.96,1.57
11.49,1.33
11.01,1.09
10.54,0.84
10.46,1.45
10.39,2.06
10.31,2.66
10.46,2.57
10.61,2.47
10.76,2.37
10.89,2.57
11.03,2.78
11.16,2.98
11.38,3.04
11.6,3.1
11.83,3.16
12.62,2.95
13.41,2.74
14.2,2.54
14.41,2.56
14.62,2.57
14.84,2.59
14.82,3.18
14.81,3.76
14.79,4.34
14.24,4.1
13.7,3.86
13.15,3.61
12.72,3.53
12.3,3.45
11.87,3.37
12.02,3.5
12.17,3.63
12.32,3.77
12.1,3.92
11.87,4.07
11.65,4.22
11.89,4.38
12.14,4.54
12.39,4.7
13.36,4.89
14.34,5.07
15.31,5.26
15.82,5.55
16.33,5.85
16.84,6.15
16.41,6.17
15.99,6.19
15.56,6.21
15.13,5.91
14.7,5.62
14.27,5.32
13.88,4.53
13.48,3.73
13.09,2.94
12.89,2.9
12.7,2.86
12.5,2.83
12.06,2.83
11.63,2.83
11.19,2.83
10.96,2.86
10.73,2.89
10.51,2.92
11.86,3.07
13.21,3.22
14.55,3.37
15.13,3.26
15.7,3.14
16.28,3.03
16.07,3.14
15.87,3.24
15.66,3.34
14.68,2.8
13.69,2.27
12.71,1.74
11.81,1.77
10.9,1.8
10,1.83
9.67,1.86
9.35,1.89
9.02,1.92
8.32,2.11
7.63,2.29
6.93,2.48
6.8,2.44
6.67,2.39
6.55,2.34
9.01,2.26
11.47,2.18
13.93,2.1
14.59,1.94
15.25,1.79
15.91,1.64
15.83,2.11
15.76,2.57
15.68,3.03
14.59,2.8
13.5,2.57
12.41,2.33
11.84,2.47
11.27,2.62
10.7,2.76
10.58,2.81
10.46,2.86
10.34,2.91
9.75,2.75
9.16,2.6
8.57,2.44
8.4,2.51
8.24,2.59
8.08,2.66
9.91,2.76
11.75,2.86
13.58,2.95
14.54,3.39
15.49,3.83
16.45,4.28
16.43,4.11
16.41,3.95
16.39,3.79
15.16,3.3
13.93,2.81
12.7,2.32
12.02,2.46
11.33,2.61
10.65,2.76
10.32,2.76
10,2.76
9.67,2.76
9.39,2.57
9.12,2.37
8.84,2.18
8.73,2.19
8.62,2.2
8.52,2.21
10.19,2.49
11.87,2.77
13.54,3.05
14.44,3.29
15.34,3.54
16.25,3.78
16.24,3.72
16.24,3.67
16.23,3.61
15.14,3.6
14.06,3.58
12.97,3.56
12.36,3.52
11.75,3.48
11.14,3.43
10.72,3.37
10.3,3.31
9.87,3.26
9.3,3.21
8.72,3.17
8.15,3.13
8.03,3.27
7.91,3.42
7.79,3.56
9.5,3.83
11.21,4.09
12.92,4.36
14.12,4.77
15.32,5.19
16.52,5.6
16.3,5.64
16.09,5.68
15.88,5.72
14.84,5.38
13.8,5.03
12.76,4.69
12.21,4.59
11.66,4.5
11.11,4.4
10.81,4.39
10.52,4.38
10.22,4.37
9.87,4.45
9.53,4.52
9.18,4.59
9,4.54
8.82,4.49
8.65,4.44
10.04,4.59
11.44,4.74
12.83,4.88
13.94,5.14
15.04,5.4
16.15,5.66
16.06,5.55
15.98,5.44
15.89,5.34
14.85,5.03
13.81,4.73
12.77,4.43
12.2,4.31
11.62,4.2
11.05,4.08
10.64,3.9
10.24,3.71
9.83,3.53
9.22,3.51
8.6,3.49
7.99,3.46
7.61,3.38
7.22,3.31
6.84,3.23
8.5,3.48
10.15,3.73
11.81,3.99
12.96,4.27
14.12,4.56
15.28,4.84
15.29,4.79
15.3,4.74
15.32,4.69
14.05,4.14
12.78,3.59
11.51,3.03
10.65,3
9.79,2.96
8.93,2.92
8.21,2.8
7.49,2.67
6.77,2.54
6.47,2.43
6.17,2.32
5.88,2.21
5.51,2.21
5.14,2.22
4.77,2.22
6.88,2.49
9,2.76
11.11,3.03
12.73,3.2
14.36,3.36
15.98,3.52
16.13,3.46
16.29,3.41
16.45,3.35
14.82,3.35
13.2,3.34
11.57,3.34
10.88,3.3
10.19,3.26
9.5,3.21
8.9,3.04
8.31,2.87
7.71,2.7
7.22,2.39
6.73,2.08
6.25,1.77
5.8,1.72
5.34,1.68
4.89,1.64
7.23,1.55
9.57,1.46
11.91,1.37
13.53,1.38
15.16,1.4
16.79,1.42
17.07,1.45
17.35,1.49
17.63,1.52
15.82,1.08
14.02,0.64
12.22,0.21
11.26,0.83
10.3,1.45
9.33,2.07
9.02,2.06
8.7,2.06
8.39,2.06
8.37,2.06
8.35,2.06
8.33,2.07
8.07,2.02
7.81,1.98
7.55,1.93
9.7,1.71
11.86,1.49
14.01,1.27
15.15,1.54
16.3,1.82
17.45,2.1
17.47,2.16
17.49,2.22
17.52,2.28
16.53,2.27
15.55,2.26
14.57,2.25
13.01,2.18
11.45,2.12
9.88,2.06
10.1,2.27
10.33,2.48
10.55,2.69
9.95,2.75
9.36,2.81
8.77,2.87
8.9,3.1
9.04,3.34
9.17,3.57
10.92,3.71
12.67,3.86
14.42,4
15.35,4.29
16.28,4.57
17.21,4.86
17.32,4.41
17.44,3.96
17.56,3.52
17.09,3.57
16.63,3.62
16.17,3.67
15.81,3.63
15.45,3.59
15.08,3.54
14.88,3.53
14.69,3.51
14.49,3.49
14.21,3.34
13.94,3.2
13.67,3.05
13.8,2.82
13.92,2.6
14.05,2.37
14.75,3.02
15.44,3.66
16.14,4.3
17.24,4.17
18.35,4.05
19.46,3.92
19.4,3.46
19.34,3
19.29,2.54
18.42,2.76
17.56,2.98
16.69,3.2
16.35,3.35
16.01,3.5
15.66,3.66
15.51,3.61
15.37,3.57
15.22,3.53
15.07,3.37
14.93,3.22
14.79,3.06
14.71,3.24
14.62,3.42
14.54,3.6
14.97,3.9
15.41,4.2
15.84,4.5
16.24,4.74
16.65,4.97
17.05,5.21
16.73,5.4
16.42,5.58
16.11,5.77
15.66,5.49
15.22,5.2
14.78,4.92
14.62,4.83
14.46,4.74
14.3,4.65
14.16,4.2
14.02,3.76
13.88,3.31
13.75,3.16
13.62,3.02
13.5,2.87
13.36,2.75
13.22,2.64
13.08,2.52
13.41,2.67
13.75,2.81
14.08,2.95
14.47,3.12
14.87,3.29
15.27,3.46
15.17,3.16
15.08,2.86
14.99,2.57
14.05,2.43
13.12,2.29
12.19,2.15
11.74,2.1
11.29,2.05
10.83,2
10.8,1.83
10.78,1.65
10.75,1.48
10.08,1.63
9.41,1.79
8.75,1.94
8.72,1.86
8.68,1.78
8.65,1.7
10.16,1.37
11.67,1.03
13.18,0.7
14.01,0.88
14.85,1.05
15.68,1.23
15.63,1.32
15.58,1.41
15.53,1.5
14.42,1.71
13.32,1.91
12.22,2.11
11.87,2.35
11.52,2.6
11.16,2.84
11.05,2.94
10.94,3.03
10.83,3.13
10.68,3.03
10.53,2.94
10.39,2.84
10.4,2.94
10.42,3.03
10.43,3.13
10.74,3.39
11.05,3.65
11.36,3.9
11.88,4.08
12.41,4.25
12.93,4.43
13.2,4.26
13.47,4.1
13.74,3.93
12.61,3.74
11.49,3.55
10.37,3.37
9.66,3.63
8.94,3.89
8.22,4.15
7.72,4.12
7.22,4.09
6.72,4.06
6.1,4
5.48,3.95
4.87,3.9
4.47,4.04
4.08,4.18
3.68,4.32
4.7,4.59
5.72,4.87
6.74,5.14
7.82,5.04
8.9,4.93
9.98,4.83
10.35,4.86
10.73,4.9
11.11,4.94
10.04,4.83
8.98,4.73
7.91,4.62
7.28,4.61
6.65,4.6
6.01,4.59
5.53,4.34
5.04,4.1
4.56,3.85
3.98,3.57
3.4,3.29
2.83,3.01
2.49,3.08
2.15,3.15
1.81,3.23
2.98,3.21
4.15,3.2
5.32,3.19
6.48,3.25
7.64,3.31
8.8,3.38
9.29,3.31
9.78,3.24
10.28,3.17
8.64,2.9
7,2.62
5.36,2.34
4.71,2.36
4.05,2.38
3.39,2.4
3.06,2.59
2.73,2.78
2.4,2.97
2.53,3.14
2.67,3.32
2.81,3.5
2.75,3.64
2.68,3.77
2.62,3.9
3.44,4.34
4.27,4.78
5.09,5.21
6.08,5.2
7.08,5.19
8.08,5.17
8.09,5.14
8.11,5.1
8.13,5.06
7.7,4.97
7.28,4.87
6.86,4.77
6.42,4.22
5.97,3.66
5.52,3.1
5.15,2.8
4.78,2.51
4.41,2.21
3.85,1.74
3.3,1.28
2.75,0.81
3.2,0.84
3.64,0.86
4.09,0.88
4.76,1.31
5.44,1.75
6.11,2.18
6.38,2.3
6.66,2.42
6.93,2.54
6.39,2.93
5.85,3.33
5.31,3.72
4.99,3.43
4.68,3.14
4.37,2.84
4.19,2.88
4.01,2.91
3.83,2.95
3.9,2.8
3.97,2.64
4.04,2.48
3.59,2.46
3.14,2.43
2.7,2.4
2.67,2.31
2.65,2.23
2.62,2.14
3.43,2.31
4.23,2.49
5.04,2.66
5.45,2.65
5.87,2.63
6.28,2.62
6.44,2.74
6.61,2.85
6.78,2.97
6.86,3
6.95,3.03
7.04,3.06
7.14,2.72
7.23,2.37
7.32,2.03
7.42,1.71
7.53,1.39
7.63,1.08
7.38,1.24
7.14,1.41
6.9,1.57
6.83,1.5
6.77,1.43
6.7,1.35
6.94,1.24
7.19,1.12
7.43,1.01
7.71,1.03
7.99,1.04
8.27,1.06
8.21,1.24
8.15,1.41
8.09,1.59
7.88,1.41
7.68,1.23
7.48,1.05
7.57,1.09
7.66,1.14
7.74,1.19
7.86,1.31
7.97,1.43
8.09,1.56
7.92,1.61
7.75,1.67
7.58,1.72
7.52,1.88
7.45,2.04
7.39,2.19
7.53,2.45
7.67,2.71
7.81,2.97
8.33,2.78
8.86,2.6
9.39,2.41
9.72,2.46
10.05,2.51
10.38,2.55
9.57,2.39
8.77,2.22
7.97,2.06
7.62,1.94
7.26,1.83
6.9,1.72
6.82,1.7
6.73,1.67
6.65,1.64
5.82,1.74
4.99,1.84
4.17,1.94
4.06,1.55
3.94,1.15
3.83,0.76
4.6,0.68
5.36,0.6
6.13,0.52
7.37,0.86
8.62,1.2
9.86,1.54
10.15,1.67
10.44,1.79
10.73,1.92
10.24,2
9.76,2.08
9.27,2.17
9.27,1.98
9.27,1.8
9.26,1.61
9.39,1.38
9.52,1.14
9.65,0.91
9.45,1.06
9.25,1.2
9.06,1.35
9.2,1.51
9.33,1.67
9.47,1.83
9.9,1.6
10.34,1.37
10.77,1.14
11.14,1.38
11.52,1.62
11.89,1.86
12.19,1.42
12.49,0.98
12.8,0.54
12.06,0.88
11.32,1.22
10.58,1.56
10.39,1.48
10.19,1.39
9.99,1.31
9.91,1.29
9.82,1.26
9.74,1.24
9.58,1.26
9.43,1.29
9.28,1.31
9.27,1.19
9.27,1.07
9.26,0.95
9.95,1.65
10.63,2.35
11.32,3.05
11.65,3.03
11.98,3.02
12.31,3.01
12.06,3
11.81,2.99
11.56,2.98
10.77,2.7
9.99,2.43
9.2,2.15
8.21,1.99
7.22,1.82
6.23,1.66
5.78,1.58
5.33,1.5
4.88,1.42
5.31,1.51
5.75,1.6
6.19,1.7
6.49,2.05
6.8,2.4
7.1,2.74
7.91,3.14
8.71,3.54
9.52,3.94
9.88,4.13
10.24,4.31
10.6,4.5
10.96,4.46
11.33,4.43
11.7,4.4
11.5,4.57
11.31,4.74
11.11,4.91
11.13,4.98
11.15,5.05
11.16,5.12
11.36,4.97
11.57,4.81
11.77,4.66
11.64,4.61
11.51,4.55
11.38,4.5
11.58,4.51
11.77,4.52
11.97,4.54
12.45,4.62
12.92,4.7
13.4,4.79
13.45,4.53
13.51,4.28
13.57,4.03
13.45,4.2
13.34,4.37
13.23,4.54
12.7,4.14
12.18,3.74
11.66,3.34
11.4,3.02
11.13,2.69
10.86,2.37
10.65,2.24
10.44,2.11
10.23,1.97
9.15,2.09
8.07,2.21
7,2.33
6.56,2.14
6.13,1.94
5.69,1.75
7.3,1.87
8.92,1.98
10.53,2.1
11.66,2.45
12.79,2.8
13.92,3.16
13.83,2.51
13.74,1.87
13.66,1.23
12.65,1.34
11.64,1.45
10.63,1.56
10.22,1.68
9.81,1.8
9.4,1.92
9.71,2.03
10.02,2.14
10.33,2.25
10.44,2.35
10.55,2.46
10.66,2.57
10.18,2.54
9.69,2.52
9.21,2.5
10.01,2.5
10.82,2.5
11.62,2.5
12.51,2.83
13.41,3.16
14.31,3.49
14.07,3.1
13.83,2.72
13.59,2.33
12.84,2.13
12.1,1.93
11.35,1.72
11.41,1.89
11.46,2.06
11.51,2.22
11.49,2.2
11.48,2.18
11.46,2.17
11.16,2.21
10.87,2.26
10.58,2.3
10.62,2.45
10.67,2.6
10.71,2.74
11.1,2.72
11.49,2.7
11.88,2.68
12.19,2.34
12.51,2
12.83,1.66
12.93,1.47
13.03,1.29
13.13,1.1
11.7,1.32
10.28,1.54
8.86,1.77
8.41,1.85
7.96,1.94
7.5,2.03
7.44,2.19
7.38,2.36
7.32,2.52
7.56,2.67
7.81,2.82
8.06,2.97
7.98,2.96
7.89,2.95
7.81,2.94
8.91,3.25
10.02,3.55
11.12,3.86
12.47,4.03
13.82,4.2
15.17,4.37
15.16,4.18
15.15,3.99
15.14,3.79
13.92,3.48
12.71,3.16
11.5,2.84
11.01,2.99
10.52,3.14
10.02,3.3
9.7,3.37
9.37,3.44
9.05,3.52
8.67,3.34
8.29,3.17
7.91,2.99
7.65,2.95
7.39,2.9
7.13,2.86
8.22,2.99
9.3,3.12
10.39,3.26
12,3.19
13.62,3.13
15.23,3.06
15.44,3.06
15.66,3.06
15.88,3.06
14.61,3.15
13.35,3.25
12.09,3.34
11.57,3.34
11.05,3.35
10.53,3.35
10.25,3.45
9.98,3.55
9.7,3.66
9.55,3.5
9.4,3.34
9.25,3.19
9.12,3.15
8.99,3.11
8.86,3.08
9.75,2.97
10.64,2.87
11.53,2.77
12.52,2.97
13.52,3.16
14.51,3.35
14.67,3.17
14.83,2.99
15,2.81
14.1,2.77
13.21,2.72
12.31,2.68
11.84,2.54
11.36,2.4
10.88,2.26
10.78,2.32
10.68,2.37
10.58,2.43
10.41,2.34
10.24,2.24
10.07,2.15
9.79,2.18
9.51,2.22
9.23,2.25
9.93,2.5
10.64,2.74
11.34,2.99
12.31,3.18
13.28,3.37
14.25,3.56
14.2,3.08
14.15,2.6
14.11,2.12
12.73,2.14
11.35,2.15
9.97,2.17
9.6,2.09
9.23,2.02
8.85,1.94
8.56,2.15
8.28,2.36
7.99,2.57
7.81,2.63
7.63,2.7
7.45,2.77
7.37,2.9
7.28,3.02
7.2,3.14
8.35,3.21
9.49,3.27
10.64,3.34
12.02,3.11
13.41,2.89
14.79,2.66
14.61,2.85
14.44,3.03
14.27,3.21
13.31,3.26
12.36,3.31
11.41,3.37
10.94,3.44
10.47,3.52
10,3.6
9.64,3.85
9.27,4.1
8.91,4.34
8.64,4.2
8.37,4.05
8.11,3.9
7.83,4.13
7.54,4.35
7.26,4.58
8.31,4.41
9.36,4.25
10.41,4.08
11.92,4.03
13.44,3.98
14.95,3.93
14.77,3.72
14.59,3.52
14.41,3.31
12.73,3.11
11.06,2.91
9.39,2.7
8.94,2.59
8.49,2.48
8.04,2.37
7.66,2.4
7.29,2.44
6.91,2.47
6.51,2.28
6.12,2.09
5.72,1.9
5.4,1.85
5.08,1.79
4.75,1.74
6.17,1.75
7.58,1.76
8.99,1.77
10.74,1.4
12.5,1.03
14.26,0.66
14.19,0.72
14.13,0.78
14.06,0.84
12.28,1.24
10.49,1.63
8.7,2.03
7.88,2.16
7.05,2.29
6.22,2.43
5.76,2.26
5.3,2.09
4.84,1.92
4.77,1.99
4.7,2.06
4.63,2.12
4.33,2.13
4.03,2.14
3.72,2.15
5.03,2.19
6.34,2.23
7.65,2.26
9.44,2.34
11.23,2.43
13.03,2.51
12.76,2.34
12.5,2.17
12.23,2
10.61,2.08
8.99,2.17
7.37,2.25
6.85,2.18
6.32,2.11
5.79,2.04
5.27,2.17
4.76,2.3
4.24,2.43
4.33,2.39
4.43,2.35
4.53,2.32
4.39,2.36
4.26,2.41
4.12,2.46
5.24,2.46
6.36,2.47
7.48,2.48
9.43,2.44
11.38,2.4
13.34,2.36
13.59,2.11
13.85,1.86
14.1,1.61
13.08,1.74
12.06,1.86
11.04,1.99
11.11,2.31
11.18,2.64
11.24,2.97
11.22,3.05
11.19,3.13
11.17,3.21
10.75,3.14
10.34,3.07
9.93,2.99
10.1,3.19
10.27,3.39
10.43,3.59
11.54,3.93
12.65,4.28
13.76,4.62
14.8,4.42
15.85,4.22
16.9,4.01
16.24,3.65
15.59,3.28
14.93,2.91
14.21,3.13
13.49,3.35
12.76,3.57
12.5,3.4
12.23,3.22
11.96,3.05
11.84,3
11.71,2.95
11.59,2.9
11.45,2.92
11.32,2.95
11.19,2.98
11.04,3.03
10.9,3.07
10.75,3.12
11.44,3.16
12.12,3.2
12.8,3.24
13.69,3.19
14.59,3.13
15.49,3.08
15.68,3.26
15.88,3.45
16.07,3.64
15.64,3.87
15.21,4.09
14.77,4.32
14.49,4.11
14.2,3.91
13.91,3.71
13.79,4.02
13.67,4.34
13.55,4.65
13.88,4.78
14.22,4.91
14.56,5.05
14.57,5.05
14.59,5.05
14.6,5.05
14.75,5.03
14.89,5.01
15.04,4.99
15.26,4.92
15.49,4.85
15.72,4.77
15.81,4.61
15.91,4.45
16,4.29
15.92,4.69
15.83,5.1
15.74,5.5
15.92,5.78
16.09,6.06
16.26,6.34
16.27,6.06
16.27,5.78
16.28,5.5
16.12,5.31
15.97,5.13
15.81,4.94
15.67,4.25
15.53,3.57
15.39,2.88
15.59,3.62
15.79,4.35
15.99,5.09
16.57,5.19
17.15,5.29
17.74,5.39
18.08,5.45
18.42,5.5
18.76,5.56
18.33,5.98
17.89,6.4
17.45,6.81
16.98,6.93
16.51,7.04
16.03,7.16
15.41,6.56
14.8,5.96
14.18,5.37
13.43,4.68
12.69,4
11.95,3.31
11,2.76
10.05,2.22
9.1,1.67
9.93,2.06
10.75,2.45
11.58,2.84
12.71,3.12
13.85,3.39
14.99,3.67
15.24,3.6
15.49,3.52
15.74,3.45
15.67,3.98
15.6,4.51
15.53,5.03
15.73,5.4
15.93,5.76
16.12,6.12
16.1,6.16
16.07,6.2
16.05,6.23
15.71,6.62
15.38,7
15.04,7.38
14.46,6.64
13.89,5.91
13.31,5.17
13.27,5.82
13.22,6.47
13.18,7.12
13.33,7.08
13.48,7.04
13.64,7.01
13.65,6.89
13.67,6.77
13.68,6.65
13.51,6.69
13.33,6.74
13.15,6.79
12.78,7.02
12.41,7.26
12.03,7.49
12.48,7.34
12.92,7.2
13.37,7.05
13.55,7.35
13.74,7.65
13.92,7.94
14.04,7.57
14.17,7.2
14.29,6.83
14.52,6.7
14.75,6.58
14.98,6.46
15.16,6.3
15.35,6.15
15.54,6
15.6,6.2
15.67,6.4
15.73,6.61
15.38,6.56
15.03,6.51
14.68,6.46
14.4,6.33
14.12,6.21
13.83,6.08
13.68,5.84
13.54,5.6
13.39,5.35
12.93,5.35
12.47,5.34
12.01,5.34
11.92,5.23
11.84,5.13
11.75,5.02
12.09,5.05
12.43,5.09
12.77,5.12
13.28,5.15
13.8,5.19
14.32,5.23
14.16,5.24
13.99,5.25
13.83,5.26
13.64,5.19
13.45,5.12
13.25,5.05
13.12,4.99
12.99,4.93
12.85,4.87
12.88,4.86
12.91,4.85
12.94,4.84
12.64,4.85
12.35,4.85
12.06,4.86
11.93,4.57
11.81,4.29
11.68,4
12.19,3.82
12.7,3.64
13.21,3.46
13.7,3.54
14.2,3.61
14.7,3.68
14.61,3.25
14.51,2.82
14.42,2.39
13.83,2.73
13.23,3.07
12.63,3.41
12.54,3.7
12.44,3.99
12.34,4.28
12.26,4.52
12.18,4.76
12.1,5.01
12.74,5.17
13.38,5.34
14.02,5.5
13.76,5.73
13.5,5.96
13.23,6.19
13.07,6.44
12.9,6.69
12.73,6.94
12.88,6.7
13.04,6.47
13.2,6.23
12.74,6.47
12.29,6.7
11.83,6.94
10.86,6.83
9.89,6.73
8.91,6.62
8.88,6.92
8.84,7.23
8.8,7.53
8.79,7.03
8.78,6.53
8.77,6.03
8.78,6.21
8.79,6.4
8.8,6.58
8.63,6.48
8.46,6.38
8.29,6.28
8.69,6.08
9.08,5.89
9.47,5.7
9.78,5.86
10.09,6.02
10.4,6.18
10.01,5.89
9.62,5.6
9.23,5.31
9.1,5.36
8.96,5.41
8.82,5.46
9.08,6.04
9.33,6.62
9.58,7.2
10.59,7.7
11.6,8.19
12.61,8.69
12.54,8.96
12.47,9.22
12.4,9.49
12.36,9.58
12.32,9.66
12.27,9.75
12.41,9.56
12.55,9.37
12.69,9.19
12.93,9.37
13.18,9.56
13.43,9.75
13.45,9.45
13.46,9.15
13.48,8.86
13.35,8.47
13.22,8.08
13.08,7.7
12.92,7.38
12.76,7.06
12.59,6.74
12.44,6.36
12.3,5.97
12.15,5.59
11.98,5.84
11.81,6.09
11.64,6.34
11.49,6.4
11.34,6.46
11.18,6.51
11.55,6.32
11.92,6.12
12.29,5.93
12.52,5.82
12.76,5.71
13,5.6
13.04,6.17
13.07,6.73
13.11,7.3
12.89,7.2
12.66,7.11
12.43,7.02
12.23,6.59
12.02,6.17
11.81,5.74
11.73,5.48
11.64,5.22
11.56,4.97
11.83,4.96
12.1,4.95
12.37,4.94
12.61,5.73
12.85,6.53
13.09,7.32
13.36,7.59
13.62,7.85
13.88,8.11
13.76,7.71
13.64,7.32
13.53,6.92
13.75,6.87
13.97,6.81
14.19,6.76
13.99,7.49
13.78,8.21
13.57,8.94
13.65,9.59
13.73,10.23
13.81,10.88
13.38,11.22
12.96,11.55
12.53,11.89
12.46,11.89
12.39,11.9
12.32,11.9
12,10.74
11.68,9.58
11.35,8.41
11.43,7.62
11.51,6.82
11.59,6.03
12.03,6.53
12.47,7.04
12.92,7.54
12.97,7.61
13.01,7.67
13.06,7.74
12.99,8.09
12.92,8.45
12.85,8.8
12.81,9.06
12.77,9.32
12.72,9.59
12.44,9.21
12.17,8.84
11.89,8.47
11.96,8.67
12.04,8.87
12.12,9.08
11.96,8.97
11.8,8.86
11.64,8.74
11.67,8.59
11.69,8.43
11.71,8.28
11.82,7.9
11.93,7.53
12.04,7.16
11.37,6.69
10.69,6.21
10.02,5.74
9.68,5.27
9.34,4.8
8.99,4.33
9,4.51
9.01,4.68
9.02,4.86
8.88,4.94
8.74,5.03
8.6,5.12
8.6,5.08
8.6,5.04
8.6,5.01
8.45,4.93
8.3,4.86
8.15,4.79
8.2,4.76
8.25,4.74
8.3,4.72
8.42,4.39
8.54,4.06
8.67,3.74
8.44,3.88
8.21,4.02
7.98,4.17
7.5,4.22
7.02,4.28
6.54,4.33
6.29,4.19
6.03,4.05
5.77,3.9
5.63,4.36
5.49,4.82
5.35,5.28
5.02,5
4.7,4.72
4.37,4.44
4.3,4.56
4.23,4.67
4.15,4.79
4.33,4.63
4.51,4.46
4.69,4.3
5.26,4.14
5.83,3.98
6.4,3.82
6.04,3.12
5.69,2.41
5.33,1.71
5.18,2.54
5.02,3.37
4.86,4.19
4.63,4.07
4.39,3.95
4.15,3.83
3.92,3.54
3.7,3.25
3.47,2.95
2.99,3.23
2.51,3.51
2.03,3.79
1.99,3.57
1.96,3.35
1.92,3.13
2.37,3.53
2.82,3.92
3.27,4.32
3.79,4.38
4.31,4.45
4.84,4.51
4.48,4.47
4.11,4.43
3.75,4.39
3.36,3.99
2.96,3.59
2.56,3.19
2.39,3.49
2.21,3.78
2.03,4.08
2.03,3.83
2.04,3.58
2.04,3.32
1.77,3.09
1.51,2.85
1.25,2.61
0.59,2.43
-0.07,2.25
-0.73,2.07
0.06,1.66
0.85,1.25
1.64,0.84
3.13,1.25
4.62,1.65
6.12,2.06
5.74,2.29
5.35,2.51
4.97,2.74
4.36,3.06
3.75,3.38
3.14,3.7
3.02,3.72
2.9,3.74
2.77,3.77
3,4.12
3.24,4.47
3.47,4.83
3.61,5.09
3.76,5.35
3.9,5.61
3.91,5.82
3.92,6.02
3.92,6.22
3.83,6.5
3.73,6.77
3.63,7.05
3.38,7.33
3.13,7.61
2.88,7.89
3.21,7.59
3.55,7.28
3.88,6.98
4.27,6.41
4.66,5.84
5.04,5.27
5.32,5.14
5.59,5.01
5.86,4.88
5.98,4.89
6.09,4.9
6.21,4.91
6.03,4.45
5.86,3.98
5.68,3.52
5.55,3.56
5.42,3.61
5.28,3.66
5.62,3.68
5.95,3.7
6.29,3.72
6.73,3.69
7.18,3.66
7.63,3.63
7.26,3.6
6.89,3.57
6.52,3.54
6.21,3.45
5.9,3.35
5.59,3.26
5.59,3.43
5.59,3.61
5.58,3.79
5.53,3.62
5.49,3.45
5.44,3.28
5.01,3.54
4.59,3.79
4.17,4.04
3.89,3.64
3.61,3.23
3.32,2.83
3.77,2.83
4.21,2.83
4.66,2.83
5.88,2.57
7.1,2.32
8.32,2.07
7.5,1.94
6.67,1.82
5.85,1.7
4.65,1.95
3.45,2.2
2.25,2.46
2.27,2.35
2.28,2.24
2.29,2.14
2.37,2.3
2.46,2.47
2.54,2.63
2.57,2.82
2.61,3.01
2.64,3.2
2.63,3.37
2.62,3.55
2.61,3.72
3.07,4.01
3.52,4.3
3.97,4.59
4.87,4.61
5.78,4.62
6.69,4.63
6.7,4.88
6.72,5.13
6.73,5.38
6.64,5.5
6.55,5.63
6.46,5.75
6.34,6.04
6.22,6.33
6.09,6.62
6.09,6.63
6.1,6.65
6.1,6.66
6.41,6.76
6.73,6.86
7.04,6.95
6.45,6.55
5.87,6.14
5.28,5.74
5.27,5.66
5.26,5.57
5.25,5.49
5.88,5.31
6.51,5.12
7.15,4.94
7.02,5.23
6.89,5.52
6.76,5.81
6.47,6.45
6.17,7.09
5.87,7.74
6.11,8.42
6.35,9.11
6.59,9.79
7.02,9.77
7.45,9.75
7.88,9.72
7.96,9.01
8.05,8.29
8.13,7.57
8.29,7.34
8.45,7.1
8.6,6.87
8.77,7.02
8.93,7.16
9.09,7.31
9.3,7.27
9.51,7.23
9.73,7.19
9.91,8.06
10.08,8.93
10.26,9.81
10.3,10.33
10.34,10.85
10.37,11.37
10.26,11.01
10.14,10.66
10.02,10.3
9.31,9.6
8.61,8.89
7.9,8.18
7.75,8.06
7.6,7.93
7.45,7.81
7.16,7.26
6.87,6.71
6.58,6.17
6.7,5.83
6.82,5.49
6.94,5.14
7.1,4.92
7.26,4.69
7.42,4.47
8.28,6.17
9.13,7.87
9.99,9.57
10.06,9.81
10.13,10.04
10.19,10.28
10.45,10.08
10.71,9.89
10.97,9.7
10.69,8.13
10.4,6.57
10.12,5.01
9.87,4.17
9.63,3.34
9.39,2.51
9.12,2.05
8.85,1.58
8.58,1.12
8.58,1.36
8.58,1.6
8.58,1.85
8.97,2.14
9.35,2.43
9.73,2.72
10.14,3.33
10.55,3.95
10.96,4.57
11.08,4.98
11.21,5.39
11.34,5.81
11.09,5.85
10.84,5.89
10.59,5.93
10.47,5.67
10.36,5.41
10.24,5.14
10.36,4.99
10.47,4.83
10.59,4.68
10.41,4.97
10.24,5.26
10.06,5.54
10.14,5.4
10.22,5.26
10.29,5.12
10.74,5.06
11.19,5
11.64,4.94
11.62,4.97
11.6,5.01
11.58,5.05
11.33,5.03
11.09,5.02
10.84,5.01
10.6,4.83
10.35,4.66
10.11,4.48
9.91,4.51
9.7,4.55
9.5,4.58
9.65,4.4
9.79,4.23
9.94,4.06
10.01,4.14
10.09,4.22
10.16,4.3
10.21,4.24
10.27,4.17
10.32,4.11
10.74,4.1
11.15,4.08
11.57,4.07
11.18,4.06
10.8,4.05
10.42,4.04
10.04,4.12
9.66,4.2
9.28,4.28
9.2,4.64
9.11,5.01
9.03,5.38
9.23,5.67
9.44,5.96
9.64,6.25
9.92,6.7
10.19,7.15
10.47,7.6
10.43,7.6
10.39,7.61
10.35,7.61
9.71,6.71
9.07,5.81
8.42,4.91
8.93,4.88
9.44,4.85
9.95,4.81
9.63,4.97
9.31,5.13
9,5.28
8.7,5.39
8.41,5.49
8.11,5.6
8.1,5.74
8.09,5.89
8.08,6.03
8.08,6.22
8.07,6.41
8.07,6.61
7.93,6.8
7.78,6.98
7.63,7.17
7.46,7.07
7.29,6.96
7.12,6.86
7.15,7.16
7.19,7.46
7.22,7.77
7.7,7.47
8.17,7.18
8.65,6.88
8.66,7.09
8.68,7.31
8.7,7.52
8.64,7.43
8.58,7.34
8.52,7.26
8.55,7.41
8.58,7.57
8.61,7.72
8.53,7.72
8.45,7.71
8.37,7.71
8.29,7.72
8.2,7.73
8.12,7.74
8.37,7.73
8.62,7.72
8.87,7.71
9.29,7.79
9.71,7.88
10.12,7.96
10.79,7.95
11.45,7.94
12.12,7.93
12.14,7.94
12.16,7.96
12.19,7.97
12.12,7.38
12.06,6.8
11.99,6.21
11.97,5.87
11.94,5.54
11.92,5.2
11.93,4.91
11.95,4.61
11.96,4.32
11.63,4.22
11.3,4.11
10.97,4.01
10.83,3.8
10.7,3.58
10.56,3.37
10.58,3.32
10.6,3.28
10.62,3.24
11.18,3.08
11.73,2.91
12.28,2.74
11.9,2.72
11.52,2.69
11.15,2.66
10.51,2.73
9.88,2.79
9.25,2.86
9.11,2.98
8.96,3.1
8.82,3.23
8.88,3.44
8.95,3.65
9.01,3.86
9.28,4.01
9.54,4.17
9.8,4.32
9.67,4.26
9.53,4.21
9.4,4.15
9.59,4.4
9.78,4.64
9.96,4.88
10.82,4.83
11.67,4.77
12.52,4.72
12.1,4.78
11.68,4.85
11.27,4.91
11.03,4.88
10.79,4.85
10.55,4.81
10.43,4.77
10.31,4.73
10.19,4.69
9.59,4.87
8.99,5.06
8.39,5.24
8.17,5.15
7.95,5.06
7.73,4.97
7.28,4.44
6.84,3.91
6.39,3.38
6.31,3.37
6.23,3.37
6.15,3.37
7.11,3.33
8.06,3.29
9.01,3.26
8.65,3.35
8.29,3.45
7.93,3.54
7.44,3.74
6.96,3.93
6.47,4.12
6.28,4.49
6.09,4.85
5.9,5.21
5.82,5.31
5.74,5.41
5.66,5.5
5.54,5.55
5.41,5.6
5.29,5.64
5.13,5.78
4.98,5.92
4.82,6.06
5.03,5.98
5.25,5.91
5.46,5.83
6.24,5.93
7.02,6.02
7.8,6.11
7.51,5.96
7.23,5.81
6.95,5.66
6.55,5.76
6.16,5.86
5.77,5.96
5.83,6.01
5.88,6.07
5.94,6.12
6.35,6.17
6.76,6.21
7.17,6.25
6.95,6.28
6.72,6.31
6.49,6.34
6.66,6.56
6.84,6.78
7.01,6.99
7.48,7.16
7.96,7.32
8.43,7.49
8.73,7.14
9.02,6.78
9.31,6.43
9.15,6.37
9,6.31
8.85,6.25
8.7,6.43
8.56,6.61
8.41,6.79
8.29,6.29
8.16,5.8
8.04,5.31
7.54,4.91
7.04,4.5
6.54,4.1
6.18,4.25
5.82,4.41
5.46,4.57
5.13,4.35
4.8,4.13
4.47,3.92
4.6,3.71
4.73,3.5
4.86,3.3
5.73,3.39
6.59,3.48
7.45,3.57
7.5,3.78
7.55,4
7.61,4.21
8.38,5.28
9.16,6.35
9.93,7.42
10.07,8.04
10.2,8.65
10.34,9.27
10.25,9.27
10.15,9.28
10.06,9.28
10.05,8.56
10.03,7.83
10.01,7.1
9.49,5.59
8.98,4.08
8.46,2.57
8.18,1.91
7.9,1.26
7.62,0.61
7.86,0.51
8.09,0.4
8.32,0.3
7.86,0.59
7.4,0.88
6.94,1.17
6.72,1.48
6.51,1.79
6.3,2.1
6.38,2.32
6.46,2.55
6.54,2.77
6.6,2.67
6.66,2.56
6.72,2.46
6.92,2.31
7.11,2.17
7.3,2.03
7.04,1.96
6.77,1.89
6.51,1.82
6.42,2.1
6.33,2.37
6.24,2.65
6.92,2.89
7.6,3.13
8.28,3.37
7.97,3.13
7.66,2.89
7.36,2.65
6.8,2.57
6.24,2.5
5.68,2.43
5.58,2.42
5.48,2.41
5.38,2.4
5.37,2.26
5.35,2.11
5.34,1.97
5.5,1.93
5.65,1.89
5.8,1.85
5.37,1.78
4.94,1.72
4.51,1.66
4.78,1.86
5.06,2.07
5.33,2.28
6.41,2
7.49,1.73
8.57,1.46
8.4,1.54
8.24,1.62
8.08,1.7
7.81,2.06
7.54,2.42
7.27,2.79
7.45,3.07
7.62,3.35
7.8,3.63
8.1,3.72
8.4,3.82
8.7,3.92
9.26,4.09
9.81,4.27
10.37,4.44
10.57,4.27
10.78,4.1
10.98,3.93
11.28,4.11
11.59,4.3
11.89,4.48
12.1,4.63
12.3,4.78
12.5,4.92
12.54,4.98
12.58,5.04
12.62,5.1
12.57,5.08
12.52,5.06
12.47,5.03
12.42,5.09
12.37,5.15
12.33,5.21
12.37,5.1
12.41,4.98
12.45,4.87
12.3,4.95
12.14,5.03
11.98,5.12
11.92,5.01
11.87,4.9
11.81,4.79
11.77,4.81
11.74,4.83
11.7,4.86
12.44,4.9
13.17,4.94
13.9,4.98
13.96,4.92
14.02,4.87
14.08,4.81
13.97,5.05
13.87,5.28
13.76,5.52
13.81,5.49
13.86,5.45
13.92,5.42
13.73,5.2
13.55,4.98
13.36,4.76
13.1,4.79
12.83,4.82
12.57,4.86
12.35,4.8
12.13,4.74
11.91,4.68
11.84,4.62
11.77,4.57
11.69,4.51
11.93,4.51
12.16,4.51
12.4,4.51
12.13,4.28
11.86,4.04
11.59,3.81
11.42,3.73
11.26,3.66
11.1,3.59
11.16,3.8
11.22,4.02
11.29,4.23
11.36,4.22
11.44,4.21
11.51,4.19
11.17,4.56
10.82,4.92
10.47,5.28
10.46,4.98
10.45,4.69
10.44,4.39
10.81,4.48
11.19,4.58
11.56,4.68
12.23,4.65
12.9,4.62
13.57,4.59
13.69,4.69
13.81,4.78
13.93,4.87
13.68,4.94
13.44,5.02
13.2,5.09
13.1,5.1
12.99,5.11
12.89,5.12
12.86,4.92
12.82,4.72
12.79,4.52
12.86,4.73
12.93,4.93
13,5.13
12.98,5.22
12.96,5.31
12.94,5.39
12.93,5.37
12.92,5.34
12.9,5.31
13.39,5.19
13.87,5.06
14.35,4.94
14,5.01
13.65,5.09
13.3,5.16
13.07,5.3
12.85,5.44
12.63,5.59
12.52,5.59
12.41,5.6
12.3,5.6
12.1,5.62
11.91,5.65
11.71,5.67
11.45,5.79
11.18,5.91
10.92,6.03
10.45,6.03
9.98,6.03
9.51,6.03
9.4,6.27
9.29,6.51
9.17,6.74
9.54,6.58
9.9,6.41
10.27,6.25
10.51,6.91
10.76,7.58
11.01,8.25
10.62,8.65
10.23,9.05
9.84,9.45
10.32,9.21
10.8,8.98
11.29,8.74
11.14,7.59
10.98,6.43
10.83,5.27
10.93,5.55
11.02,5.83
11.12,6.11
11.2,6.48
11.27,6.86
11.35,7.23
11.67,7.63
12,8.03
12.32,8.43
12.68,8.53
13.03,8.64
13.38,8.74
13.59,8.6
13.8,8.45
14.02,8.3
13.86,8
13.7,7.69
13.54,7.38
13.46,7.52
13.38,7.66
13.3,7.79
13.39,7.92
13.48,8.04
13.57,8.17
13.18,8.3
12.79,8.43
12.4,8.57
12.06,8.24
11.72,7.92
11.38,7.6
11.09,7.56
10.8,7.53
10.5,7.49
10.83,7.28
11.15,7.08
11.47,6.87
11.24,6.02
11.01,5.17
10.78,4.32
10.08,4.06
9.39,3.79
8.7,3.53
8.47,3.65
8.24,3.76
8.01,3.88
8,4.07
7.99,4.27
7.98,4.47
7.95,4.34
7.91,4.22
7.88,4.1
8.01,4.12
8.15,4.15
8.28,4.18
8.95,4.63
9.62,5.09
10.29,5.54
10.98,5.97
11.67,6.39
12.36,6.81
12.45,7.17
12.54,7.53
12.64,7.89
12.23,7.84
11.82,7.8
11.41,7.75
10.59,7.26
9.77,6.76
8.96,6.26
8.61,5.97
8.26,5.68
7.91,5.39
7.72,5.33
7.52,5.26
7.32,5.2
7.12,4.9
6.92,4.59
6.72,4.29
7.07,4.27
7.42,4.25
7.76,4.23
8.42,4.3
9.07,4.37
9.72,4.44
9.84,4.32
9.97,4.2
10.1,4.08
10.71,4.96
11.32,5.83
11.93,6.7
12.35,7.04
12.76,7.37
13.18,7.71
13.29,7.73
13.4,7.76
13.51,7.78
13.39,7.85
13.26,7.92
13.13,7.99
12.91,7.75
12.69,7.51
12.47,7.27
12.42,7.08
12.37,6.88
12.32,6.69
12.75,6.31
13.17,5.93
13.6,5.54
13.64,5.84
13.68,6.14
13.73,6.44
13.25,6.34
12.77,6.25
12.29,6.15
11.95,6.13
11.6,6.11
11.26,6.1
11.21,6.14
11.15,6.18
11.1,6.22
11.04,6.3
10.98,6.39
10.92,6.47
10.92,6.44
10.92,6.41
10.92,6.39
11.06,6.34
11.2,6.29
11.33,6.23
11.98,6.04
12.63,5.84
13.28,5.64
13.48,5.71
13.69,5.77
13.9,5.83
13.72,5.51
13.55,5.18
13.37,4.86
12.86,4.63
12.34,4.4
11.83,4.17
11.34,3.82
10.86,3.48
10.37,3.13
9.62,2.89
8.86,2.64
8.1,2.4
7.59,2.48
7.09,2.56
6.58,2.63
6.7,2.97
6.82,3.31
6.94,3.66
8.24,3.72
9.54,3.79
10.84,3.86
10.71,4.19
10.59,4.51
10.47,4.84
10.18,4.84
9.89,4.84
9.6,4.84
9.55,4.79
9.5,4.73
9.46,4.68
9.46,4.43
9.46,4.19
9.46,3.94
9.12,3.84
8.77,3.74
8.42,3.64
8.34,3.62
8.25,3.6
8.17,3.57
8.31,3.54
8.45,3.51
8.58,3.48
8.97,3.4
9.35,3.32
9.74,3.24
9.65,3.17
9.56,3.09
9.48,3.02
8.94,3.04
8.41,3.06
7.87,3.08
7.64,3.22
7.41,3.37
7.18,3.52
6.91,3.58
6.64,3.64
6.37,3.7
6.51,3.79
6.65,3.88
6.79,3.97
6.73,4.32
6.68,4.67
6.62,5.02
6.9,5.18
7.19,5.33
7.47,5.49
8.32,5.32
9.16,5.16
10.01,4.99
9.93,5.23
9.85,5.47
9.78,5.71
9.4,6.06
9.02,6.41
8.64,6.76
8.37,6.82
8.09,6.88
7.82,6.94
8.05,6.76
8.29,6.59
8.52,6.41
8.55,6.23
8.57,6.05
8.59,5.86
8.62,5.75
8.66,5.63
8.69,5.52
8.66,5.74
8.64,5.96
8.61,6.18
8.99,6.33
9.37,6.48
9.75,6.63
9.49,5.89
9.23,5.15
8.97,4.41
8.23,4.12
7.49,3.83
6.75,3.53
6.49,3.77
6.23,4.02
5.97,4.26
5.97,4.26
5.97,4.26
