,Chargers,Battery capacity,Wind CAPEX,PV CAPEX,Battery CAPEX,Chargers CAPEX,Total CAPEX,Wind OPEX,PV OPEX,Battery OPEX,Total OPEX,Charging sales,Consumption sales,Grid sales/cost,Yearly income,Yearly net icome,Payback period [PBY],Internal Rate of Return [IRR],Service coverage on yearly basis,Amount of passenger kilometers covered,E-mobility covered,Times earth circumnavigated by EVs,Underloaded hours,Underload percent of time,Total energy underload,Underload percentage of energy,Yearly grid import,Yearly grid export,Yearly curtailed energy,Curtailed percentage
0,1,0.0,1680.0,720.0,0.0,65.0,2465.0,7.2,6.0,0.0,13.2,237.99720000000002,6.000000359999999,6.010884824448647,250.00808518444867,236.80808518444866,10.409272969206366,0.09606818871580067,1.0,3.39996,283.33,84.83992514036183,0,0.0,0.0,-0.0,143.00711548418488,955.4709703988703,1014.7275582684479,38.044931197635925
0,1,100.0,1680.0,720.0,28.000000000000004,65.0,2493.0,7.2,6.0,0.8,14.0,237.99720000000002,6.000000359999999,10.329357870808634,254.32655823080864,240.32655823080864,10.373385356793289,0.09640054481781334,1.0,3.39996,283.33,84.83992514036183,0,0.0,0.0,-0.0,101.48916533263349,920.6201414955127,1008.0422234359404,37.79427958020088
0,1,200.0,1680.0,720.0,56.00000000000001,65.0,2521.0,7.2,6.0,1.6,14.8,237.99720000000002,6.000000359999999,13.025666967261843,257.02286732726185,242.22286732726187,10.407770446354817,0.0960820576466727,1.0,3.39996,283.33,84.83992514036183,0,0.0,0.0,-0.0,75.95599056243644,900.8066315026558,1002.2925586586002,37.57870881041056
0,1,300.0,1680.0,720.0,84.00000000000001,65.0,2549.0,7.2,6.0,2.4,15.6,237.99720000000002,6.000000359999999,15.047527010173937,259.044727370174,243.44472737017395,10.47054921885441,0.09550597386040563,1.0,3.39996,283.33,84.83992514036183,0,0.0,0.0,-0.0,56.9899984943578,886.8510728787464,997.252125214431,37.38972907685832
0,1,400.0,1680.0,720.0,112.00000000000001,65.0,2577.0,7.2,6.0,3.2,16.4,237.99720000000002,6.000000359999999,16.751704663289264,260.7489050232893,244.3489050232893,10.54639471273416,0.09481913272149371,1.0,3.39996,283.33,84.83992514036183,0,0.0,0.0,-0.0,41.44500220125439,877.2931975378425,991.2350042622314,37.164130638372114
0,1,500.0,1680.0,720.0,140.0,65.0,2605.0,7.2,6.0,4.0,17.2,237.99720000000002,6.000000359999999,18.13248816941501,262.12968852941503,244.92968852941502,10.635705355445918,0.09402291306311518,1.0,3.39996,283.33,84.83992514036183,0,0.0,0.0,-0.0,29.106566675509825,870.8323601541495,985.3274061201802,36.94263851171583
0,1,600.0,1680.0,720.0,168.00000000000003,65.0,2633.0,7.2,6.0,4.8,18.0,237.99720000000002,6.000000359999999,19.211551706599515,263.2087520665996,245.20875206659954,10.737789649877048,0.09312903610581069,1.0,3.39996,283.33,84.83992514036183,0,0.0,0.0,-0.0,19.46182454267265,865.771190977344,980.7138331641484,36.769662953638914
0,1,700.0,1680.0,720.0,196.00000000000003,65.0,2661.0,7.2,6.0,5.6,18.8,237.99720000000002,6.000000359999999,20.014537326712325,264.01173768671237,245.21173768671235,10.851845939772057,0.09215022085182727,1.0,3.39996,283.33,84.83992514036183,0,0.0,0.0,-0.0,12.06496712678644,860.9063287024252,978.1518380231807,36.67360669886141
0,1,800.0,1680.0,720.0,224.00000000000003,65.0,2689.0,7.2,6.0,6.4,19.6,237.99720000000002,6.000000359999999,20.569459963480078,264.5666603234801,244.96666032348008,10.977003958208671,0.09109953898232803,1.0,3.39996,283.33,84.83992514036183,0,0.0,0.0,-0.0,7.084965062257438,858.2032238504902,975.8449408105869,36.587114768078614
0,1,900.0,1680.0,720.0,252.00000000000003,65.0,2717.0,7.2,6.0,7.2,20.4,237.99720000000002,6.000000359999999,20.93280541270336,264.9300057727034,244.5300057727034,11.111110848807316,0.09000000212466079,1.0,3.39996,283.33,84.83992514036183,0,0.0,0.0,-0.0,3.9593802506453386,857.1091177613612,973.7834620881039,36.509824252488315
0,1,1000.0,1680.0,720.0,280.0,65.0,2745.0,7.2,6.0,8.0,21.2,237.99720000000002,6.000000359999999,21.127661979386723,265.1248623393867,243.92486233938672,11.253465406001638,0.0888615163349314,1.0,3.39996,283.33,84.83992514036183,0,0.0,0.0,-0.0,2.2844608462143206,856.5287834065404,972.6588770384935,36.46766046134094
0,1,1100.0,1680.0,720.0,308.00000000000006,65.0,2773.0,7.2,6.0,8.8,22.0,237.99720000000002,6.000000359999999,21.22083689906575,265.2180372590658,243.21803725906577,11.401292565511147,0.08770935350128589,1.0,3.39996,283.33,84.83992514036183,0,0.0,0.0,-0.0,1.4638070957301137,856.1525114412805,972.1844952532691,36.44987458154176
0,1,1200.0,1680.0,720.0,336.00000000000006,65.0,2801.0,7.2,6.0,9.6,22.8,237.99720000000002,6.000000359999999,21.28555160385075,265.2827519638507,242.48275196385075,11.551337063419554,0.08657006496388817,1.0,3.39996,283.33,84.83992514036183,0,0.0,0.0,-0.0,0.9006253043748218,855.9251906759039,971.8186342272905,36.43615744392405
0,1,1300.0,1680.0,720.0,364.00000000000006,65.0,2829.0,7.2,6.0,10.4,23.6,237.99720000000002,6.000000359999999,21.338508545097753,265.3357089050978,241.7357089050978,11.70286348183101,0.0854491724655701,1.0,3.39996,283.33,84.83992514036183,0,0.0,0.0,-0.0,0.43696977439877216,855.725190675904,971.5249786973144,36.42514748923946
0,1,1400.0,1680.0,720.0,392.00000000000006,65.0,2857.0,7.2,6.0,11.2,24.4,237.99720000000002,6.000000359999999,21.37467935022969,265.3718797102297,240.9718797102297,11.856155180577758,0.08434437511733626,1.0,3.39996,283.33,84.83992514036183,0,0.0,0.0,-0.0,0.12158108092271588,855.595079413801,971.3097012659412,36.41707614536172
0,1,1500.0,1680.0,720.0,420.00000000000006,65.0,2885.0,7.2,6.0,12.0,25.2,237.99720000000002,6.000000359999999,21.38467935022969,265.38187971022967,240.1818797102297,12.011730458103845,0.0832519513726966,1.0,3.39996,283.33,84.83992514036183,0,0.0,0.0,-0.0,0.02158108092271589,855.495079413801,971.2797012659413,36.415951362727576
0,1,1600.0,1680.0,720.0,448.00000000000006,65.0,2913.0,7.2,6.0,12.8,26.0,237.99720000000002,6.000000359999999,21.386344529517874,265.3835448895179,239.38354488951788,12.168756216491113,0.08217766731531681,1.0,3.39996,283.33,84.83992514036183,0,0.0,0.0,-0.0,0.0,855.4537811807149,971.2694184181048,36.41556583043838
0,1,1700.0,1680.0,720.0,476.00000000000006,65.0,2941.0,7.2,6.0,13.6,26.8,237.99720000000002,6.000000359999999,21.385594529517874,265.38279488951787,238.58279488951788,12.326957613862762,0.0811230176434947,1.0,3.39996,283.33,84.83992514036183,0,0.0,0.0,-0.0,0.0,855.423781180715,971.2694184181048,36.41556583043838
0,1,1800.0,1680.0,720.0,504.00000000000006,65.0,2969.0,7.2,6.0,14.4,27.6,237.99720000000002,6.000000359999999,21.384844529517874,265.3820448895179,237.7820448895179,12.486224522879784,0.08008826031981067,1.0,3.39996,283.33,84.83992514036183,0,0.0,0.0,-0.0,0.0,855.393781180715,971.2694184181048,36.41556583043838
0,1,1900.0,1680.0,720.0,532.0,65.0,2997.0,7.2,6.0,15.2,28.4,237.99720000000002,6.000000359999999,21.384094529517874,265.3812948895179,236.9812948895179,12.646567744501604,0.0790728378009736,1.0,3.39996,283.33,84.83992514036183,0,0.0,0.0,-0.0,0.0,855.3637811807149,971.2694184181048,36.41556583043838
0,1,2000.0,1680.0,720.0,560.0,65.0,3025.0,7.2,6.0,16.0,29.2,237.99720000000002,6.000000359999999,21.383344529517874,265.38054488951786,236.18054488951788,12.807998226166575,0.07807621318661748,1.0,3.39996,283.33,84.83992514036183,0,0.0,0.0,-0.0,0.0,855.3337811807149,971.2694184181048,36.41556583043838
0,2,0.0,1680.0,720.0,0.0,130.0,2530.0,7.2,6.0,0.0,13.2,385.9632,6.000000359999999,-13.341076721697155,378.6221236383028,365.42212363830276,6.923499800204245,0.144435621991424,0.9742009132420091,5.513759999999999,459.4799999999999,137.58602620087333,226,2.5799086757990866,4.349373502258782,-0.3252219895179808,275.07156663695343,841.714764316881,767.5328831231116,28.776921935746635
0,2,100.0,1680.0,720.0,28.000000000000004,130.0,2558.0,7.2,6.0,0.8,14.0,385.9632,6.000000359999999,-7.7688332581395185,384.19436710186045,370.19436710186045,6.90988363768419,0.1447202373345819,0.9780821917808219,5.513759999999999,459.4799999999999,137.58602620087333,192,2.191780821917808,3.6018124190509986,-0.2693235244538078,221.84051960072952,798.4492676780668,756.8015580581804,28.374574999933184
0,2,200.0,1680.0,720.0,56.00000000000001,130.0,2586.0,7.2,6.0,1.6,14.8,385.9632,6.000000359999999,-4.034880599334476,387.9283197606655,373.1283197606655,6.930591603603634,0.144287826666924,0.9803652968036529,5.513759999999999,459.4799999999999,137.58602620087333,172,1.9634703196347032,3.3937012964390627,-0.25376213077227544,186.5412339985584,771.3109460194129,748.4024829920511,28.059670540691002
0,2,300.0,1680.0,720.0,84.00000000000001,130.0,2614.0,7.2,6.0,2.4,15.6,385.9632,6.000000359999999,-1.1591020362346354,390.80409832376534,375.2040983237653,6.966874860051148,0.1435363803839959,0.9820776255707763,5.513759999999999,459.4799999999999,137.58602620087333,157,1.7922374429223744,3.1444282317710193,-0.2351228757203735,159.70292526809888,752.150544891109,740.4453023252275,27.76133391966432
0,2,400.0,1680.0,720.0,112.00000000000001,130.0,2642.0,7.2,6.0,3.2,16.4,385.9632,6.000000359999999,1.270754375321001,393.23395473532094,376.83395473532096,7.0110454931156,0.14263207976355827,0.9851598173515982,5.513759999999999,459.4799999999999,137.58602620087333,130,1.4840182648401825,2.5964720686694656,-0.19414975776672405,137.40931257344673,737.8767378800735,731.847540478509,27.43898014574077
0,2,500.0,1680.0,720.0,140.0,130.0,2670.0,7.2,6.0,4.0,17.2,385.9632,6.000000359999999,3.3440204117057384,395.30722077170566,378.10722077170567,7.0614890521017,0.14161319130026429,0.9877853881278539,5.513759999999999,459.4799999999999,137.58602620087333,107,1.221461187214612,2.062721146393419,-0.1542388288112037,118.54695928679708,726.4956129022149,723.8025612474422,27.137351714701968
0,2,600.0,1680.0,720.0,168.00000000000003,130.0,2698.0,7.2,6.0,4.8,18.0,385.9632,6.000000359999999,5.122564436063885,397.0857647960638,379.0857647960638,7.117122958841356,0.1405062137865322,0.9900684931506849,5.513759999999999,459.4799999999999,137.58602620087333,87,0.9931506849315069,1.6157536553452077,-0.12081708275672778,102.22966740997596,716.0509144924353,717.4530002893525,26.89928918469841
0,2,700.0,1680.0,720.0,196.00000000000003,130.0,2726.0,7.2,6.0,5.6,18.8,385.9632,6.000000359999999,6.6933747857672365,398.6565751457672,379.8565751457672,7.176392823933395,0.13934577224716332,0.991324200913242,5.513759999999999,459.4799999999999,137.58602620087333,76,0.8675799086757991,1.381670342218438,-0.10331363294527515,87.91598058463337,707.3148943538563,711.6112502894621,26.68026588626856
0,2,800.0,1680.0,720.0,224.00000000000003,130.0,2754.0,7.2,6.0,6.4,19.6,385.9632,6.000000359999999,8.134538277112846,400.0977386371128,380.4977386371128,7.237887956612896,0.1381618513569763,0.9929223744292237,5.513759999999999,459.4799999999999,137.58602620087333,62,0.7077625570776256,1.1195510911317663,-0.08371381143417736,74.94183860113917,700.0907240902097,705.5691593185277,26.45373125300078
0,2,900.0,1680.0,720.0,252.00000000000003,130.0,2782.0,7.2,6.0,7.2,20.4,385.9632,6.000000359999999,9.413682969914332,401.3768833299143,380.9768833299143,7.302280326522786,0.1369435238425285,0.9942922374429224,5.513759999999999,459.4799999999999,137.58602620087333,50,0.5707762557077625,0.9403120116031891,-0.0703113087488177,63.50835400843386,694.0890888387427,699.9280708977611,26.242231309888886
0,2,1000.0,1680.0,720.0,280.0,130.0,2810.0,7.2,6.0,8.0,21.2,385.9632,6.000000359999999,10.50240261298533,402.4656029729853,381.2656029729853,7.3701901721228795,0.13568170924305528,0.9952054794520548,5.513759999999999,459.4799999999999,137.58602620087333,42,0.4794520547945206,0.7933933236993549,-0.05932554540781196,53.77006733159602,688.9464411773934,695.1555131943686,26.06329497571447
0,2,1100.0,1680.0,720.0,308.00000000000006,130.0,2838.0,7.2,6.0,8.8,22.0,385.9632,6.000000359999999,11.447828683565687,403.41102904356563,381.41102904356563,7.44079164967156,0.13439430198857139,0.9955479452054794,5.513759999999999,459.4799999999999,137.58602620087333,39,0.4452054794520548,0.7106829190429609,-0.05314092080791959,45.34936648429152,684.6599797640852,690.9085633557158,25.904065128161037
0,2,1200.0,1680.0,720.0,336.00000000000006,130.0,2866.0,7.2,6.0,9.6,22.8,385.9632,6.000000359999999,12.261662047452015,404.22486240745195,381.42486240745194,7.513930743556077,0.13308613482465176,0.9962328767123287,5.513759999999999,459.4799999999999,137.58602620087333,33,0.3767123287671233,0.5661298510860654,-0.04233204538541229,38.13503287088355,681.1416462524983,687.038010185938,25.75894742849762
0,2,1300.0,1680.0,720.0,364.00000000000006,130.0,2894.0,7.2,6.0,10.4,23.6,385.9632,6.000000359999999,12.942264431368226,404.90546479136816,381.3054647913682,7.589715509541559,0.13175724422645757,0.9968036529680365,5.513759999999999,459.4799999999999,137.58602620087333,28,0.31963470319634707,0.48384902618208603,-0.03617954237306911,32.159465144965026,678.4879029795542,683.6039049080597,25.630193362484803
0,2,1400.0,1680.0,720.0,392.00000000000006,130.0,2922.0,7.2,6.0,11.2,24.4,385.9632,6.000000359999999,13.494210213693359,405.4574105736933,381.05741057369335,7.668135873806631,0.13040979143521333,0.9973744292237443,5.513759999999999,459.4799999999999,137.58602620087333,23,0.2625570776255708,0.3968862178321298,-0.029676946647281086,27.261618476087563,676.0765009281721,681.0004974822141,25.532584447078264
0,2,1500.0,1680.0,720.0,420.00000000000006,130.0,2950.0,7.2,6.0,12.0,25.2,385.9632,6.000000359999999,13.94867404857585,405.91187440857584,380.7118744085758,7.748641947621766,0.12905487268087315,0.997716894977169,5.513759999999999,459.4799999999999,137.58602620087333,20,0.228310502283105,0.381183108872922,-0.028502755390844053,23.179654062026472,673.8452322531663,679.1040986341997,25.461483230689595
0,2,1600.0,1680.0,720.0,448.00000000000006,130.0,2978.0,7.2,6.0,12.8,26.0,385.9632,6.000000359999999,14.308686258046581,406.27188661804655,380.27188661804655,7.831238923510453,0.1276937161242601,0.9980593607305936,5.513759999999999,459.4799999999999,137.58602620087333,17,0.19406392694063926,0.3435168226643301,-0.025686279746213823,20.04495240938735,672.5722123687999,677.1747505797182,25.38914665779284
0,2,1700.0,1680.0,720.0,476.00000000000006,130.0,3006.0,7.2,6.0,13.6,26.8,385.9632,6.000000359999999,14.624440629844445,406.5876409898444,379.7876409898444,7.914949502215058,0.126343193942064,0.9985159817351598,5.513759999999999,459.4799999999999,137.58602620087333,13,0.14840182648401826,0.2750595873042945,-0.02056742796925581,17.33465725938185,671.6509114906869,675.2872990724658,25.318380901854535
0,2,1800.0,1680.0,720.0,504.00000000000006,130.0,3034.0,7.2,6.0,14.4,27.6,385.9632,6.000000359999999,14.913469048942604,406.8766694089426,379.27666940894255,7.999437467978526,0.1250087901809303,0.9986301369863013,5.513759999999999,459.4799999999999,137.58602620087333,12,0.136986301369863,0.2686237274982898,-0.020086190124476412,14.76013404552284,670.3394321853183,673.9878193041694,25.269659825961106
0,2,1900.0,1680.0,720.0,532.0,130.0,3062.0,7.2,6.0,15.2,28.4,385.9632,6.000000359999999,15.179708006349987,407.14290836634996,378.7429083663499,8.084639823904485,0.12369134825811559,0.998972602739726,5.513759999999999,459.4799999999999,137.58602620087333,9,0.10273972602739725,0.22117522516986768,-0.01653825469909067,12.35672860273653,668.9719632676821,672.8744342766909,25.22791595449359
0,2,2000.0,1680.0,720.0,560.0,130.0,3090.0,7.2,6.0,16.0,29.2,385.9632,6.000000359999999,15.404880424879767,407.36808078487974,378.16808078487975,8.170969886159538,0.1223844921633915,0.9992009132420091,5.513759999999999,459.4799999999999,137.58602620087333,7,0.07990867579908677,0.1652027189398675,-0.012352941613200363,10.29929976602518,667.6917158253167,672.011280376115,25.195553937228173
0,3,0.0,1680.0,720.0,0.0,195.0,2595.0,7.2,6.0,0.0,13.2,440.74800000000005,6.000000359999999,-20.924053758648384,425.8239466013517,412.6239466013517,6.289019387687421,0.15900730119512588,0.9426940639269407,6.296400000000001,524.7,157.11540860885842,502,5.730593607305936,27.147684214928567,-1.7842641613796155,327.3773743351941,799.924721330035,700.2764562855739,26.255293237695614
0,3,100.0,1680.0,720.0,28.000000000000004,195.0,2623.0,7.2,6.0,0.8,14.0,440.74800000000005,6.000000359999999,-15.364184868511064,431.38381549148903,417.38381549148903,6.284383588068201,0.15912459606995388,0.9514840182648402,6.296400000000001,524.7,157.11540860885842,425,4.851598173515981,23.467891121837795,-1.5424121166411695,273.9182875412341,755.0240429657283,688.0200411785161,25.79576647538576
0,3,200.0,1680.0,720.0,56.00000000000001,195.0,2651.0,7.2,6.0,1.6,14.8,440.74800000000005,6.000000359999999,-11.466454925699207,435.2815454343008,420.48154543430087,6.304676218933399,0.1586124275497174,0.9570776255707762,6.296400000000001,524.7,157.11540860885842,376,4.292237442922374,20.946563144340942,-1.3766994498179153,236.77671655040723,725.2253857240679,678.1257994518527,25.42480409964618
0,3,300.0,1680.0,720.0,84.00000000000001,195.0,2679.0,7.2,6.0,2.4,15.6,440.74800000000005,6.000000359999999,-8.455293955489942,438.2927064045101,422.69270640451015,6.337937606702492,0.15778003225252338,0.9611872146118722,6.296400000000001,524.7,157.11540860885842,340,3.881278538812785,18.733880431930103,-1.2312722954056843,208.17258787458843,702.6511811533445,669.8531926343467,25.114641283398075
0,3,400.0,1680.0,720.0,112.00000000000001,195.0,2707.0,7.2,6.0,3.2,16.4,440.74800000000005,6.000000359999999,-5.9134506681425085,440.83454969185755,424.4345496918575,6.377897374201278,0.15679148492495662,0.9662100456621004,6.296400000000001,524.7,157.11540860885842,296,3.3789954337899544,16.367262047767603,-1.0757278175381677,184.35163378096797,685.2201421791397,661.0666591307686,24.785209940092702
0,3,500.0,1680.0,720.0,140.0,195.0,2735.0,7.2,6.0,4.0,17.2,440.74800000000005,6.000000359999999,-3.7446005069917994,443.00339985300826,425.8033998530083,6.4231520954134,0.15568680067751672,0.9712328767123287,6.296400000000001,524.7,157.11540860885842,252,2.8767123287671232,13.734403391503584,-0.9026848682700789,164.31551460895568,671.7935527651065,651.7942707165255,24.437562557912994
0,3,600.0,1680.0,720.0,168.00000000000003,195.0,2763.0,7.2,6.0,4.8,18.0,440.74800000000005,6.000000359999999,-1.817156833556295,444.93084352644377,426.93084352644377,6.471774157092171,0.15451713482679832,0.9753424657534246,6.296400000000001,524.7,157.11540860885842,216,2.4657534246575343,11.835879853380012,-0.777905624420368,146.47481119440565,659.6877826297765,644.1308138991817,24.15023845305729
0,3,700.0,1680.0,720.0,196.00000000000003,195.0,2791.0,7.2,6.0,5.6,18.8,440.74800000000005,6.000000359999999,-0.11747229815880746,446.6305280618413,427.8305280618413,6.523611142579735,0.1532893328777647,0.9780821917808219,6.296400000000001,524.7,157.11540860885842,192,2.191780821917808,10.063588143622935,-0.6614228866592283,130.77122780924967,649.1572471198959,637.1554743141492,23.888713758640243
0,3,800.0,1680.0,720.0,224.00000000000003,195.0,2819.0,7.2,6.0,6.4,19.6,440.74800000000005,6.000000359999999,1.4065619434771433,448.1545623034772,428.5545623034772,6.577925538460957,0.15202361202677445,0.9818493150684932,6.296400000000001,524.7,157.11540860885842,159,1.8150684931506849,8.058477520925218,-0.529638274927457,116.94230899333283,640.9740227057499,629.4746692896807,23.600739221714292
0,3,900.0,1680.0,720.0,252.00000000000003,195.0,2847.0,7.2,6.0,7.2,20.4,440.74800000000005,6.000000359999999,2.9196215384311563,449.6676218984312,429.26762189843123,6.632226272760043,0.1507789328761613,0.9843607305936073,6.296400000000001,524.7,157.11540860885842,137,1.5639269406392695,7.236576379623604,-0.4756193487085108,103.35440478387326,633.5568854566126,622.4520011880568,23.33744005084519
0,3,1000.0,1680.0,720.0,280.0,195.0,2875.0,7.2,6.0,8.0,21.2,440.74800000000005,6.000000359999999,4.254447231951375,451.00244759195147,429.8024475919515,6.689119655106025,0.149496503510244,0.9858447488584475,6.296400000000001,524.7,157.11540860885842,124,1.4155251141552512,6.3603871443032265,-0.4180323722728166,91.24863284610205,626.4210535085653,616.5758719630126,23.117127780567724
0,3,1100.0,1680.0,720.0,308.00000000000006,195.0,2903.0,7.2,6.0,8.8,22.0,440.74800000000005,6.000000359999999,5.414160925709455,452.16216128570954,430.16216128570954,6.748617756901811,0.14817849165887342,0.9877853881278539,6.296400000000001,524.7,157.11540860885842,107,1.221461187214612,5.67697226232476,-0.37311536677011115,80.7175224678521,620.1540493676387,611.5983508437107,22.930506803364974
0,3,1200.0,1680.0,720.0,336.00000000000006,195.0,2931.0,7.2,6.0,9.6,22.8,440.74800000000005,6.000000359999999,6.502943566123333,453.2509439261234,430.4509439261234,6.809138280117319,0.14686146159199023,0.9888127853881279,6.296400000000001,524.7,157.11540860885842,98,1.1187214611872145,5.302069615390232,-0.3484751303640979,71.02149255860328,615.2252054379497,606.4262622172164,22.736590954386923
0,3,1300.0,1680.0,720.0,364.00000000000006,195.0,2959.0,7.2,6.0,10.4,23.6,440.74800000000005,6.000000359999999,7.42851906596387,454.17651942596393,430.5765194259639,6.872181520592159,0.1455142005494978,0.9906392694063927,6.296400000000001,524.7,157.11540860885842,82,0.9360730593607305,4.650782064739447,-0.30566967314060906,62.771003871789034,610.9957819975,601.7239094202009,22.560286795529997
0,3,1400.0,1680.0,720.0,392.00000000000006,195.0,2987.0,7.2,6.0,11.2,24.4,440.74800000000005,6.000000359999999,8.218239394428686,454.9662397544287,430.56623975442875,6.937376236705461,0.1441467156861161,0.991324200913242,6.296400000000001,524.7,157.11540860885842,76,0.8675799086757991,4.143089279279759,-0.2723018899103703,55.68058624219549,607.1325069881249,597.9590740145229,22.419132746039253
0,3,1500.0,1680.0,720.0,420.00000000000006,195.0,3015.0,7.2,6.0,12.0,25.2,440.74800000000005,6.000000359999999,8.937087626942326,455.6850879869424,430.4850879869424,7.003726921410695,0.14278112371042864,0.9924657534246575,6.296400000000001,524.7,157.11540860885842,66,0.7534246575342466,3.660570833835269,-0.2405886740575877,49.284478782001415,603.9058989877001,594.277056109309,22.281083752759358
0,3,1600.0,1680.0,720.0,448.00000000000006,195.0,3043.0,7.2,6.0,12.8,26.0,440.74800000000005,6.000000359999999,9.568412940962055,456.31641330096215,430.31641330096215,7.071540629038786,0.14141190052611308,0.9932648401826484,6.296400000000001,524.7,157.11540860885842,59,0.6735159817351598,3.1918920124755346,-0.2097850586357625,43.610040315865525,600.7867192178098,591.2231185917036,22.16658322324044
0,3,1700.0,1680.0,720.0,476.00000000000006,195.0,3071.0,7.2,6.0,13.6,26.8,440.74800000000005,6.000000359999999,10.093878634006328,456.8418789940064,430.04187899400637,7.141164965570252,0.14003317453403008,0.9942922374429224,6.296400000000001,524.7,157.11540860885842,50,0.5707762557077625,2.793936473987347,-0.18362968569398733,38.79922298483817,597.751260284444,589.019804655554,22.08397491480872
0,3,1800.0,1680.0,720.0,504.00000000000006,195.0,3099.0,7.2,6.0,14.4,27.6,440.74800000000005,6.000000359999999,10.564614368359223,457.3126147283593,429.71261472835926,7.211796660796234,0.13866170207433343,0.9946347031963471,6.296400000000001,524.7,157.11540860885842,47,0.5365296803652968,2.4603255984849364,-0.16170332452473155,34.52775089974757,595.2233292331068,586.912652746298,22.004971985640807
0,3,1900.0,1680.0,720.0,532.0,195.0,3127.0,7.2,6.0,15.2,28.4,440.74800000000005,6.000000359999999,11.005856526552126,457.75385688655217,429.3538568865522,7.28303693991561,0.1373053587740813,0.995433789954338,6.296400000000001,524.7,157.11540860885842,40,0.45662100456621,2.2389292934368537,-0.14715219414352815,30.691517505780165,593.6918485909858,584.3565036894038,21.909134916658086
0,3,2000.0,1680.0,720.0,560.0,195.0,3155.0,7.2,6.0,16.0,29.2,440.74800000000005,6.000000359999999,11.35821467494186,458.1062150349419,428.9062150349419,7.355920453945789,0.1359449176022003,0.995662100456621,6.296400000000001,524.7,157.11540860885842,38,0.4337899543378996,1.9407598364900625,-0.12755519751441508,27.556947246916963,592.1133232322593,582.4722893323202,21.83849053039625
0,4,0.0,1680.0,720.0,0.0,260.0,2660.0,7.2,6.0,0.0,13.2,452.6843999999999,6.000000359999999,-22.621814467856254,436.06258589214366,422.86258589214367,6.290459569479306,0.1589708969519337,0.9348173515981735,6.466919999999999,538.91,161.3704304429195,571,6.518264840182648,39.815854264590314,-2.5496371865932668,339.0162392786,790.2086176787496,694.1772419887503,26.026616893595673
0,4,100.0,1680.0,720.0,28.000000000000004,260.0,2688.0,7.2,6.0,0.8,14.0,452.6843999999999,6.000000359999999,-17.287605109274047,441.39679525072586,427.39679525072586,6.289237612142425,0.15900178394744266,0.9452054794520548,6.466919999999999,538.91,161.3704304429195,480,5.47945205479452,33.76255048959422,-2.162009476688742,287.30935631839765,745.0425772210262,681.5648821269615,25.553744781991266
0,4,200.0,1680.0,720.0,56.00000000000001,260.0,2716.0,7.2,6.0,1.6,14.8,452.6843999999999,6.000000359999999,-13.483212098865014,445.2011882611349,430.4011882611349,6.310391500016344,0.15846877329202316,0.9507990867579909,6.466919999999999,538.91,161.3704304429195,431,4.920091324200913,29.69573939386481,-1.9015882703115816,250.79115597440662,714.6272959174325,671.3651519908349,25.171328804321792
0,4,300.0,1680.0,720.0,84.00000000000001,260.0,2744.0,7.2,6.0,2.4,15.6,452.6843999999999,6.000000359999999,-10.500064606435476,448.1843357535644,432.58433575356446,6.343271758141533,0.15764735267987043,0.9559360730593607,6.466919999999999,538.91,161.3704304429195,386,4.4063926940639275,26.28582476212972,-1.6832319067784702,222.2733511181377,691.3641713332693,662.6705570869942,24.84534449236283
0,4,400.0,1680.0,720.0,112.00000000000001,260.0,2772.0,7.2,6.0,3.2,16.4,452.6843999999999,6.000000359999999,-8.023351771705169,450.66104858829476,434.2610485882948,6.38325728041066,0.15665982993805727,0.9615296803652968,6.466919999999999,538.91,161.3704304429195,337,3.8470319634703194,22.556443497109825,-1.4444182650293524,198.76672316207762,672.8995449421814,653.869174257002,24.51535640690815
0,4,500.0,1680.0,720.0,140.0,260.0,2800.0,7.2,6.0,4.0,17.2,452.6843999999999,6.000000359999999,-5.7829535243411225,452.9014468356588,435.7014468356588,6.426418870846957,0.15560765958416387,0.9659817351598173,6.466919999999999,538.91,161.3704304429195,298,3.4018264840182644,19.5024209968867,-1.2488517129841188,177.94466057127812,658.4051618827457,644.457472225415,24.162485773478828
0,4,600.0,1680.0,720.0,168.00000000000003,260.0,2828.0,7.2,6.0,4.8,18.0,452.6843999999999,6.000000359999999,-3.9065867803620478,454.77781357963784,436.77781357963784,6.474687843741335,0.15444760027568524,0.9703196347031964,6.466919999999999,538.91,161.3704304429195,260,2.968036529680365,16.299300260631778,-1.0437375469528611,160.32886775878862,645.3808675794611,636.6328529799553,23.86911924527574
0,4,700.0,1680.0,720.0,196.00000000000003,260.0,2856.0,7.2,6.0,5.6,18.8,452.6843999999999,6.000000359999999,-2.2179032502250795,456.4664971097749,437.66649710977487,6.525516617927606,0.15324457181714807,0.975,6.466919999999999,538.91,161.3704304429195,219,2.5,13.807578514106474,-0.8841783326417423,144.60991155020108,634.3334277420023,629.4396148623014,23.59942493467542
0,4,800.0,1680.0,720.0,224.00000000000003,260.0,2884.0,7.2,6.0,6.4,19.6,452.6843999999999,6.000000359999999,-0.6042143190176412,458.08018604098226,438.48018604098223,6.577264131452565,0.1520388994594252,0.9779680365296803,6.466919999999999,538.91,161.3704304429195,193,2.2031963470319638,12.065255731394927,-0.7726074260292799,129.95595054593585,625.6111799689736,621.7355788483533,23.310579403964777
0,4,900.0,1680.0,720.0,252.00000000000003,260.0,2912.0,7.2,6.0,7.2,20.4,452.6843999999999,6.000000359999999,0.8413241483093152,459.5257245083092,439.1257245083092,6.631358259096704,0.1507986691306007,0.9807077625570776,6.466919999999999,538.91,161.3704304429195,169,1.9292237442922375,10.031877276585144,-0.6423985577641768,116.75139292634803,617.4099305641128,614.6688921788165,23.045629855736724
0,4,1000.0,1680.0,720.0,280.0,260.0,2940.0,7.2,6.0,8.0,21.2,452.6843999999999,6.000000359999999,2.237389558402945,460.92178991840285,439.72178991840286,6.686045739387994,0.14956523466612343,0.9834474885844748,6.466919999999999,538.91,161.3704304429195,145,1.6552511415525113,8.853674181431714,-0.5669514656385151,104.11077620741543,610.049463373195,608.1805395556481,22.80236364391168
0,4,1100.0,1680.0,720.0,308.00000000000006,260.0,2968.0,7.2,6.0,8.8,22.0,452.6843999999999,6.000000359999999,3.532824472047645,462.2172248320475,440.2172248320475,6.742126006387771,0.14832116739624243,0.9849315068493151,6.466919999999999,538.91,161.3704304429195,132,1.5068493150684932,8.15724460602888,-0.5223550912523056,92.4006361636014,603.3161596999128,602.4772736097135,22.58853249411502
0,4,1200.0,1680.0,720.0,336.00000000000006,260.0,2996.0,7.2,6.0,9.6,22.8,452.6843999999999,6.000000359999999,4.6568501068476875,463.3412504668476,440.5412504668476,6.800725237023996,0.14704314101029628,0.9866438356164383,6.466919999999999,538.91,161.3704304429195,117,1.3356164383561644,7.168372676136004,-0.4590319579979381,82.29736409219828,597.760824734899,596.9104645734316,22.37981748972791
0,4,1300.0,1680.0,720.0,364.00000000000006,260.0,3024.0,7.2,6.0,10.4,23.6,452.6843999999999,6.000000359999999,5.696071494526967,464.3804718545269,440.7804718545269,6.860558017184633,0.1457607380471319,0.9884703196347032,6.466919999999999,538.91,161.3704304429195,101,1.1529680365296804,6.452591303444063,-0.41319637719742336,73.08385544967979,593.2621370294776,591.4498622636424,22.175084468060412
0,4,1400.0,1680.0,720.0,392.00000000000006,260.0,3052.0,7.2,6.0,11.2,24.4,452.6843999999999,6.000000359999999,6.592006371227497,465.27640673122744,440.8764067312274,6.922575019671212,0.14445491701547425,0.989041095890411,6.466919999999999,538.91,161.3704304429195,96,1.095890410958904,5.907756538602967,-0.3783074867630654,65.11230667732337,589.2417882357167,586.9238275202057,22.0053909586952
0,4,1500.0,1680.0,720.0,420.00000000000006,260.0,3080.0,7.2,6.0,12.0,25.2,452.6843999999999,6.000000359999999,7.382548344048834,466.06694870404874,440.86694870404875,6.986234756435745,0.14313861970910674,0.9906392694063927,6.466919999999999,538.91,161.3704304429195,82,0.9360730593607305,5.108684135033343,-0.32713830422128937,58.07261338007636,585.6650006623352,582.6318493927705,21.844472876566176
0,4,1600.0,1680.0,720.0,448.00000000000006,260.0,3108.0,7.2,6.0,12.8,26.0,452.6843999999999,6.000000359999999,8.09713703795191,466.7815373979518,440.7815373979518,7.051112027847929,0.1418216014793925,0.9920091324200914,6.466919999999999,538.91,161.3704304429195,70,0.7990867579908676,4.458891077059099,-0.28552833314816634,51.672002827992785,582.2454956580403,578.9709507870075,21.7072157039952
0,4,1700.0,1680.0,720.0,476.00000000000006,260.0,3136.0,7.2,6.0,13.6,26.8,452.6843999999999,6.000000359999999,8.713039234303688,467.3974395943036,440.5974395943036,7.117608315853102,0.14049663252369377,0.992579908675799,6.466919999999999,538.91,161.3704304429195,65,0.7420091324200913,3.9157348709375914,-0.250746930442262,46.03898154515436,578.7164770979192,576.2937918581687,21.606841641595032
0,4,1800.0,1680.0,720.0,504.00000000000006,260.0,3164.0,7.2,6.0,14.4,27.6,452.6843999999999,6.000000359999999,9.25055070545035,467.93495106545026,440.33495106545024,7.185439157950719,0.13917033851626115,0.9933789954337899,6.466919999999999,538.91,161.3704304429195,58,0.6621004566210046,3.2437725732887346,-0.2077173359825032,41.16852792734323,575.86466785473,573.5731851858978,21.504838603618023
0,4,1900.0,1680.0,720.0,532.0,260.0,3192.0,7.2,6.0,15.2,28.4,452.6843999999999,6.000000359999999,9.775052214831634,468.4594525748316,440.05945257483154,7.25356535650647,0.13786323702219033,0.994406392694064,6.466919999999999,538.91,161.3704304429195,49,0.5593607305936072,2.9588618736853003,-0.1894728721129122,36.574474103118526,573.874459108858,570.6544294079418,21.395406409872813
0,4,2000.0,1680.0,720.0,560.0,260.0,3220.0,7.2,6.0,16.0,29.2,452.6843999999999,6.000000359999999,10.222511530442306,468.9069118904422,439.7069118904422,7.323059776695751,0.13655494158088266,0.9949771689497717,6.466919999999999,538.91,161.3704304429195,44,0.502283105022831,2.7569880771293627,-0.176545736724145,32.63161620796281,572.0585422575062,568.2956145675819,21.306967944219437
axis tag,units,kWh, x1000 € , x1000 € , x1000 € , x1000 € , x1000 € , x1000 € / y , x1000 € / y , x1000 € / y , x1000 € / y , x1000 € / y , x1000 € / y , x1000 € / y , x1000 € / y , x1000 € / y , years , % , % , Million km , households , times , hours , % , MWh , % , MWh , MWh , MWh , % 
